;ID;Sentence;Attribute;Type of attribute;Notes;value;Segmentation issue?
;7181_1_0;Bezirk, Kat.G. Unterlaa, Oberlaa Land und Oberlaa Stadt sowie Festsetzung einer Schutzzone gemäß § 7 (1) der BO für Wien für einen Teilbereich dieses Gebietes werden unter Anwendung des § 1 der Bauordnung für Wien folgende Bestimmungen getroffen: I Soweit ein gültiger Flächenwidmungsplan und Bebauungsplan besteht, verliert er seine weitere Rechtskraft.;N/A;;;N/A;
;7181_1_1;II;N/A;N/A;N/A;N/A;
;7181_2_0;Die roten Planzeichen gelten als neu festgesetzt.;N/A;;;N/A;
;7181_2_1;"Für die rechtliche Bedeutung der Planzeichen ist die beiliegende ""Zeichenerklärung für den Flächenwidmungsplan und den Bebauungsplan"" (§§ 4 und 5 der BO für Wien) vom 1.";N/A;;;N/A;x
;7181_2_2;September 1996 maßgebend, die einen Bestandteil dieses Beschlusses bildet.;N/A;;;N/A;
;7181_3_0;Für die Querschnitte der Verkehrsflächen gemäß § 5 (2) lit. c der BO für Wien wird bestimmt, dass bei einer Straßenbreite ab 10 m entlang der Fluchtlinien Gehsteige mit einer Breite von mindestens 2,0 m herzustellen sind.;StrassenbreiteMin;condition;;10m;
;;;AnFluchtlinie;condition;;;
;;;GehsteigbreiteMin;content;;2m;
;;;Plangebiet;condition;;7181;
;;;obligation;modal;;;
;7181_3_1;In den Verkehrsflächen Unter-Laaer Straße und Klederinger Straße zwischen ONr. 109 - ONr. 149 sind Vorkehrungen zu treffen, dass die Pflanzung einer Baumreihe möglich ist.;VerkehrsflaecheID;condition;;Unter-Laaer Strasse;
;;;VorkehrungBepflanzungOeffentlicheVerkehrsflaeche;content;;Baumreihe;
;;;Plangebiet;condition;;7181;
;;;obligation;modal;;;
;7181_3_1;In den Verkehrsflächen Unter-Laaer Straße und Klederinger Straße zwischen ONr. 109 - ONr. 149 sind Vorkehrungen zu treffen, dass die Pflanzung einer Baumreihe möglich ist.;VerkehrsflaecheID;condition;;Klederinger Straße zwischen ONr. 109 - ONr. 149;
;;;VorkehrungBepflanzungOeffentlicheVerkehrsflaeche;content;;Baumreihe;
;;;Plangebiet;condition;;7181;
;;;obligation;modal;;;
;7181_3_2;Seite - 2 -;N/A;;;N/A;
;7181_4_0;Gemäß § 5 (4) der BO für Wien wird bestimmt:;N/A;;;N/A;
;7181_5_0;Im gesamten Plangebiet darf bei den zur Errichtung gelangenden Gebäuden der höchste Punkt des Daches die tatsächlich ausgeführte Gebäudehöhe nicht mehr als 4,5 m überragen.;AbschlussDachMax;content;;4,5m;
;;;Plangebiet;condition;;7181;
;;;obligation;modal;;;
;;;GebaeudeHoeheArt;condition;;tatsächlich ausgeführt;
;7181_6_0;Flachdächer bis zu einer Dachneigung von fünf Grad sind entsprechend dem Stand der technischen Wissenschaften zu begrünen.;BegruenungDach;content;;N/A;
;;;Dachart;condition;;Flachdach;
;;;DachneigungMax;condition;;5Grad;
;;;Plangebiet;condition;;7181;
;;;obligation;modal;;;
;7181_6_1;Technische bzw. der Belichtung dienende Aufbauten sind im erforderlichen Ausmaß zulässig.;TechnischeUndBelichtungsAufbautenZulaessig;content;;N/A;
;;;permission;modal;;;
;7181_7_0;Die Dachneigung der innerhalb der Schutzzone zur Errichtung gelangenden Gebäuden hat nicht weniger als 25 Grad und nicht mehr als 55 Grad zu betragen.;BBDachneigungMin;content;;25;
;;;Plangebiet;condition;;7181;
;;;inSchutzzone;condition;;;
;;;obligation;modal;;;
;7181_7_0;Die Dachneigung der innerhalb der Schutzzone zur Errichtung gelangenden Gebäuden hat nicht weniger als 25 Grad und nicht mehr als 55 Grad zu betragen.;BBDachneigungMax;content;;55;
;;;Plangebiet;condition;;7181;
;;;inSchutzzone;condition;;;
;;;obligation;modal;;;
;7181_8_0;Auf den als ländliches Gebiet (L) gewidmeten Flächen ist die Errichtung von Glashäusern unzulässig.;Gebaeudetyp;content;;Glashaus;
;;;Plangebiet;condition;;7181;
;;;WidmungID;condition;;L;
;;;prohibition;modal;;;
;7181_9_0;Auf den mit BB1 bezeichneten Flächen ist die Unterbrechung der geschlossenen Bauweise zulässig.;UnterbrechungGeschlosseneBauweise;content;;t;
;;;Plangebiet;condition;;7181;
;;;PlanzeichenBBID;condition;;BB1;
;;;permission;modal;;;
;7181_10_0;Auf den mit BB2 bezeichneten Flächen ist ausschließlich die Errichtung von Flügelbauten an einer oder beiden Grundgrenzen zulässig.;Weitere_Bestimmung_Prüfung_erforderlich;content;flag for manual check (together with following sentence!);N/A;
;;;Plangebiet;condition;;7181;
;;;PlanzeichenBBID;condition;;BB2;
;;;prohibition;modal;NOTE: meaning of sentence not entirely clear;;
;7181_10_1;Die Breite der verbleibenden Hoffläche hat mindestens ein Drittel der Grundstücksbreite zu betragen.;Weitere_Bestimmung_Prüfung_erforderlich;content;flag for manual check (together with previous sentence!);N/A;
;;;Plangebiet;condition;;7181;
;;;PlanzeichenBBID;condition;;BB2;
;;;obligation;modal;;;
;7181_10_2;Die Dächer sind als Pultdächer auszuführen.;Dachart;content;;Pultdach;
;;;Plangebiet;condition;inherits location etc from previous sentence;7181;
;;;PlanzeichenBBID;condition;inherits location etc from previous sentence;BB2;
;;;obligation;modal;;;
;7181_11_0;Auf den mit L BB3 bezeichneten Flächen ist die Errichtung von Wohngebäuden untersagt.;VerbotWohnung;content;;t;
;;;Plangebiet;condition;;7181;
;;;PlanzeichenBBID;condition;;BB3;
;;;WidmungID;condition;;L;
;;;prohibition;modal;;;
;7181_12_0;Auf den mit L BB4 bezeichneten Flächen darf die mit Wohngebäuden bebaute Fläche 250 m² nicht überschreiten.;Weitere_Bestimmung_Prüfung_erforderlich;content;because the regulation talks about the total area;;
;;;Plangebiet;condition;;7181;
;;;PlanzeichenBBID;condition;;BB4;
;;;WidmungID;condition;;L;
;;;obligation;modal;;;
;7181_12_1;Die Gebäudehöhe darf 4,5 m nicht überschreiten.;GebaeudeHoeheMax;content;;4,5m;
;;;Plangebiet;condition;inherits location etc from previous sentence;7181;
;;;PlanzeichenBBID;condition;inherits location etc from previous sentence;BB4;
;;;WidmungID;condition;inherits location etc from previous sentence;L;
;;;GebaeudeBautyp;condition;inherits location etc from previous sentence;Wohngebaeude;
;;;obligation;modal;;;
;7181_13_0;Auf der mit L BB5 bezeichneten Grundflächen ist die Errichtung von Gebäuden untersagt.;ErrichtungGebaeude;content;;f;
;;;Plangebiet;condition;;7181;
;;;PlanzeichenBBID;condition;;BB5;
;;;WidmungID;condition;;L;
;;;prohibition;modal;;;
;7181_14_0;Auf den mit Spk BB6 bezeichneten Grundflächen ist die Errichtung von Gebäuden mit einer maximalen Gebäudehöhe von 6,5 m zulässig.;GebaeudeHoeheMax;content;;6,5m;
;;;Plangebiet;condition;;7181;
;;;PlanzeichenBBID;condition;;BB6;
;;;WidmungID;condition;;Spk;
;;;prohibition;modal;;;
;7181_15_0;Auf der mit Esp BB7 bezeichneten Fläche darf die mit Gebäuden bebaute Grundfläche nicht mehr als 25 % der als Grünland, Erholungsgebiet/Sport- und Spielplätze ausgewiesenen Fläche betragen.;Weitere_Bestimmung_Prüfung_erforderlich;content;because the regulation talks about the total area;N/A;
;;;Plangebiet;condition;;7181;
;;;PlanzeichenBBID;condition;;BB7;
;;;WidmungID;condition;;Esp;
;;;obligation;modal;;;
;7181_15_1;Die Gebäudehöhe darf 6,5 m nicht überschreiten.;GebaeudeHoeheMax;content;;6,5m;
;;;Plangebiet;condition;inherits location etc from previous sentence;7181;
;;;PlanzeichenBBID;condition;inherits location etc from previous sentence;BB7;
;;;WidmungID;condition;inherits location etc from previous sentence;Esp;
;;;prohibition;modal;;;
;7181_15_2;Der Abteilungsleiter: Dipl.-Ing. Walter Vokaun Obersenatsrat;N/A;;;N/A;
;7272_1_0;Bezirk, Kat. G. Großjedlersdorf I werden unter Anwendung des § l der BÖ für Wien folgende Bestimmungen getroffen:;N/A;;;N/A;
;7272_2_0;Der bisher gültige Flächenwidmungsplan und Bebauungsplan verliert seine weitere Rechtskraft.;N/A;;;N/A;
;7272_4_0;Die roten Planzeichen gelten als neu festgesetzt.;N/A;;;N/A;
;7272_4_1;"Für die rechtliche Bedeutung der Planzeichen ist die beiliegende Zeichenerklärung für den Flächenwidmungsplan und den Bebauungsplan"" (§§ 4 und 5 Bauordnung für Wien) vom""";N/A;;;N/A;x
;7272_5_0;September 1996 maßgebend, die einen Bestandteil dieses Beschlusses bildet.;N/A;;;N/A;
;7272_6_0;Für die Querschnitte der Verkehrsflächen gemäß § 5 (2) lit. c der Bauordnung für Wien wird bestimmt, dass bei einer Straßenbreite unter 10,0 m insgesamt mindestens 2,0 m Breite Gehsteig(e), Seite - 2 - bei einer Straßenbreite von 10,0 m bis unter 16,0 m Gehsteige mit insgesamt mindestens 3,0 m Breite und bei einer Straßenbreite ab 16,0 m Gehsteige mit jeweils mindestens 2,0 m Breite, herzustellen sind.;Plangebiet;condition;;7272;
;;;StrassenbreiteMax;condition;;10m;
;;;GehsteigbreiteMin;content;;2m;
;;;obligation;modal;;;
;7272_6_0;Für die Querschnitte der Verkehrsflächen gemäß § 5 (2) lit. c der Bauordnung für Wien wird bestimmt, dass bei einer Straßenbreite unter 10,0 m insgesamt mindestens 2,0 m Breite Gehsteig(e), Seite - 2 - bei einer Straßenbreite von 10,0 m bis unter 16,0 m Gehsteige mit insgesamt mindestens 3,0 m Breite und bei einer Straßenbreite ab 16,0 m Gehsteige mit jeweils mindestens 2,0 m Breite, herzustellen sind.;Plangebiet;condition;;7272;
;;;StrassenbreiteVonBis;condition;;10m bis unter 16m;
;;;GehsteigbreiteMin;content;;3m;
;;;obligation;modal;;;
;7272_6_0;Für die Querschnitte der Verkehrsflächen gemäß § 5 (2) lit. c der Bauordnung für Wien wird bestimmt, dass bei einer Straßenbreite unter 10,0 m insgesamt mindestens 2,0 m Breite Gehsteig(e), Seite - 2 - bei einer Straßenbreite von 10,0 m bis unter 16,0 m Gehsteige mit insgesamt mindestens 3,0 m Breite und bei einer Straßenbreite ab 16,0 m Gehsteige mit jeweils mindestens 2,0 m Breite, herzustellen sind.;Plangebiet;condition;;7272;
;;;StrassenbreiteMin;condition;;16m;
;;;GehsteigbreiteMin;content;;2m;
;;;obligation;modal;;;
;7272_6_1;Der Querschnitt der Skraupstraße, Ruthnergasse, Carabelligasse, Siemensstraße, Edergasse und Justgasse ist so auszubilden, dass die Pflanzung von mindestens einer Baumreihe möglich ist.;VorkehrungBepflanzungOeffentlicheVerkehrsflaeche;content;;Baumreihe;
;;;VerkehrsflaecheID;condition;;Skraupstraße, Ruthnergasse, Carabelligasse, Siemensstraße, Edergasse und Justgasse;
;;;Plangebiet;condition;;7272;
;;;obligation;modal;;;
;7272_6_2;Der Querschnitt der Wankläckergasse ist so auszubilden, dass die Pflanzung von mindestens zwei Baumreihen möglich ist.;VorkehrungBepflanzungOeffentlicheVerkehrsflaeche;content;;zwei Baumreihen;
;;;VerkehrsflaecheID;condition;;Wankläckergasse;
;;;Plangebiet;condition;;7272;
;;;obligation;modal;;;
;7272_6_3;Gemäß § 5 (4) der Bauordnung für Wien wird für das gesamte Plangebiet ohne eigene Kennzeichnung im Plan bestimmt:;N/A;;;N/A;
;7272_7_0;Auf den als Geschäftsviertel ausgewiesenen Flächen ist die Errichtung von Wohnungen unzulässig.;VerbotWohnung;content;;t;
;;;Plangebiet;condition;;7272;
;;;WidmungID;condition;;Geschäftsviertel;
;;;prohibition;modal;;;
;7272_8_0;Bei der Errichtung von Tiefgaragen unter gärtnerisch auszugestaltenden Grundflächen sind technische Vorkehrungen für Baumpflanzungen (Erdkerne oder eine flächige Überschüttung von 150 cm) von mindestens 10 % der Grundfläche solcher Garagen(-teile) zu treffen.;AnordnungGaertnerischeAusgestaltung;condition;;;
;;;Plangebiet;condition;;7272;
;;;Weitere_Bestimmung_Prüfung_erforderlich;content;flag for manual check (together with following sentence!);;
;;;AnteilBaumbepflanzung;;;10 %;
;;;GebaeudeBautyp;condition;;Tiefgarage;
;;;obligation;modal;;;
;7272_8_1;Einzelflächen müssen dabei ein Ausmaß von mindestens 25 m 2 aufweisen.;Weitere_Bestimmung_Prüfung_erforderlich;content;flag for manual check (together with previous sentence!);;
;;;obligation;modal;;;
;7272_8_2;Gemäß § 5 (4) der Bauordnung für Wien wird für Teile des Plangebietes mit eigener Kennzeichnung im Plan (BB) bestimmt :;N/A;;;N/A;x
;7272_9_0;Auf den mit BB1 bezeichneten Flächen ist die Unterbrechung der geschlossenen Bauweise zulässig.;UnterbrechungGeschlosseneBauweise;content;;t;
;;;Plangebiet;condition;;7272;
;;;PlanzeichenBBID;condition;;BB1;
;;;permission;modal;;;
;7272_10_0;Auf der mit BB2 bezeichneten Fläche sind die Dachflächen der Gebäude als begrünte Flachdächer auszubilden.;BegruenungDach;content;;N/A;
;;;Dachart;content;;Flachdach;
;;;Plangebiet;condition;;7272;
;;;PlanzeichenBBID;condition;;BB2;
;;;obligation;modal;;;
;7272_10_1;Technische bzw. der Belichtung dienende Aufbauten sind im erforderlichen Ausmaß zulässig.;TechnischeUndBelichtungsAufbautenZulaessig;content;;N/A;
;;;permission;modal;;;
;7272_11_0;Die mit G BB3 bezeichneten Flächen sind, soweit nicht eine Befestigung für Schulsport- und Spielplatzzwecke erforderlich ist, mindestens jedoch zu 80 %, gärtnerisch auszugestalten.;AnordnungGaertnerischeAusgestaltung;content;;N/A;
;;;AusnahmeGaertnerischAuszugestaltende;conditionException;;Befestigung für Schulsport- und Spielplatzzwecke;
;;;Weitere_Bestimmung_Prüfung_erforderlich;content;;;
;;;Plangebiet;condition;;7272;
;;;PlanzeichenBBID;condition;;BB3;
;;;WidmungID;condition;;G;
;;;obligation;modal;;;
;7272_12_0;Auf den mit BB4 bezeichneten Flächen ist das Errichten von Anlagen zum Einstellen von Kraftfahrzeugen mit einer maximalen Gebäudehöhe von 5,5 m zulässig, die Dachflächen der Garagen sind dabei als begrünte Flachdächer auszubilden.;GaragengebaeudeAusfuehrung;content;;Garage;
;;;Plangebiet;condition;;7272;
;;;PlanzeichenBBID;condition;;BB4;
;;;permission;modal;;;
;7272_12_0;Auf den mit BB4 bezeichneten Flächen ist das Errichten von Anlagen zum Einstellen von Kraftfahrzeugen mit einer maximalen Gebäudehöhe von 5,5 m zulässig, die Dachflächen der Garagen sind dabei als begrünte Flachdächer auszubilden.;GebaeudeHoeheMax;content;;5,5;
;;;Plangebiet;condition;;7272;
;;;PlanzeichenBBID;condition;;BB4;
;;;obligation;modal;;;
;;;GebaeudeBautyp;condition;;Garage;
;7272_12_0;Auf den mit BB4 bezeichneten Flächen ist das Errichten von Anlagen zum Einstellen von Kraftfahrzeugen mit einer maximalen Gebäudehöhe von 5,5 m zulässig, die Dachflächen der Garagen sind dabei als begrünte Flachdächer auszubilden.;BegruenungDach;content;;N/A;
;;;Plangebiet;condition;;7272;
;;;PlanzeichenBBID;condition;;BB4;
;;;Dachart;content;;Flachdach;
;;;GebaeudeBautyp;condition;;Garage;
;;;obligation;modal;;;
;7272_12_1;Technische bzw. der Belichtung dienende Aufbauten sind im erforderlichen Ausmaß zulässig.;TechnischeUndBelichtungsAufbautenZulaessig;content;;N/A;
;;;permission;modal;;;
;7272_13_0;Auf den mit BB5 bezeichneten Flächen des Gemischten Baugebiets dürfen im Erdgeschoß keine Fenster von Aufenthaltsräumen von Wohnungen gegen die öffentlichen Verkehrsflächen hergestellt werden.;UnzulaessigFensterZuOeffentlichenVerkehrsflaechen;content;;N/A;
;;;Plangebiet;condition;;7272;
;;;PlanzeichenBBID;condition;;BB5;
;;;WidmungID;condition;;GemischtesBaugebiet;
;;;Stockwerk;condition;;Erdgeschoss;
;;;prohibition;modal;;;
;7272_13_1;Seite - 3 -;N/A;;;N/A;
;7272_14_0;In Verbindung der Punkte A und B ist ein Bereich für die Errichtung eines öffentlichen Durchgangs mit einer lichten Breite von 3,0 m und einer lichten Höhe von 3,0 m freizuhalten und die Benutzung desselben zu dulden.;DurchgangHoehe;content;;3,0m;
;;;Plangebiet;condition;;7272;
;;;Zwischen_Punkten;condition;;In Verbindung der Punkte A und B;
;;;obligation;modal;;;
;7272_14_0;In Verbindung der Punkte A und B ist ein Bereich für die Errichtung eines öffentlichen Durchgangs mit einer lichten Breite von 3,0 m und einer lichten Höhe von 3,0 m freizuhalten und die Benutzung desselben zu dulden.;DurchgangBreite;content;;3,0m;
;;;Plangebiet;condition;;7272;
;;;Zwischen_Punkten;condition;;In Verbindung der Punkte A und B;
;;;obligation;modal;;;
;7272_14_1;Der Abteilungsleiter: Dipl.-Ing. Binder Senatsrat;N/A;;;N/A;
;7408_1_0;Der bisher gültige Flächenwidmungsplan und Bebauungsplan verliert seine Rechtskraft.;N/A;;;N/A;
;7408_3_0;Die roten Planzeichen gelten als neu festgesetzt.;N/A;;;N/A;
;7408_3_1;"Für die rechtliche Bedeutung der roten Planzeichen ist die beiliegende ""Zeichenerklärung für den Flächenwidmungsplan und den Bebauungsplan"" (§§ 4 und 5 BO für Wien) vom 1.";N/A;;;N/A;x
;7408_3_2;Oktober 2001 maßgebend, die einen Bestandteil dieses Beschlusses bildet.;N/A;;;N/A;
;7408_4_0;Für die Querschnitte der Verkehrsflächen gemäß § 5 Abs. 2 lit. c der BO für Wien wird bestimmt, dass bei einer Straßenbreite von 10,0 m bis unter 16,0 m entlang der Fluchtlinien Gehsteige mit mindestens 1,5 m Breite und bei einer Straßenbreite ab 16,0 m entlang der Fluchtlinien Gehsteige mit mindestens 2,0 m Breite herzustellen sind.;GehsteigbreiteMin;content;;1.5m;
;;;Plangebiet;condition;;7408;
;;;StrassenbreiteMax;condition;;16m;
;;;StrassenbreiteMin;condition;;10m;
;;;StrassenbreiteVonBis;condition;;10m bis unter 16m;
;;;AnFluchtlinie;condition;;;
;;;obligation;modal;;;
;7408_4_0;Für die Querschnitte der Verkehrsflächen gemäß § 5 Abs. 2 lit. c der BO für Wien wird bestimmt, dass bei einer Straßenbreite von 10,0 m bis unter 16,0 m entlang der Fluchtlinien Gehsteige mit mindestens 1,5 m Breite und bei einer Straßenbreite ab 16,0 m entlang der Fluchtlinien Gehsteige mit mindestens 2,0 m Breite herzustellen sind.;GehsteigbreiteMin;content;;2m;
;;;Plangebiet;condition;;7408;
;;;StrassenbreiteMin;condition;;16m;
;;;AnFluchtlinie;condition;;;
;;;obligation;modal;;;
;7408_4_1;In der Hasnerstraße und der Koppstraße ist Vorsorge zur Pflanzung von je zwei Baumreihen, in der Gablenzgasse von einer Baumreihe zu treffen.;VorkehrungBepflanzungOeffentlicheVerkehrsflaeche;content;;zwei Baumreihen;
;;;Plangebiet;condition;;7408;
;;;VerkehrsflaecheID;condition;;Hasnerstraße und der Koppstraße;
;;;obligation;modal;;;
;7408_4_1;In der Hasnerstraße und der Koppstraße ist Vorsorge zur Pflanzung von je zwei Baumreihen, in der Gablenzgasse von einer Baumreihe zu treffen.;VorkehrungBepflanzungOeffentlicheVerkehrsflaeche;content;;Baumreihe;
;;;Plangebiet;condition;;7408;
;;;VerkehrsflaecheID;condition;;Gablenzgasse;
;;;obligation;modal;;;
;7408_4_2;Seite - 2 -;N/A;;;N/A;
;7408_5_0;Bestimmungen gemäß § 5 Abs. 4 der BO für Wien für das gesamte Plangebiet, ohne Plandarstellung:;N/A;;;N/A;
;7408_6_0;An allen Baulinien ist die Errichtung von Erkern, Balkonen und vorragenden Loggien untersagt.;VorbautenVerbot;content;;N/A;
;;;Plangebiet;condition;;7408;
;;;AnBaulinie;condition;;;
;;;prohibition;modal;;;
;7408_6_1;Bauelemente, die der Gliederung oder der architektonischen Ausgestaltung der Schauseiten dienen, dürfen an Straßen bis 16,0 m Breite höchstens 0,6 m und an Straßen von mehr als 16,0 m Breite höchstens 0,8 m über die Baulinie ragen.;VorbautenBeschraenkung;content;NOTE: technically speaking this is an exception to 7408_6_0;N/A;
;;;VorstehendeBauelementeAusladungMax;content;;36s;
;;;Plangebiet;condition;;7408;
;;;StrassenbreiteMax;condition;;16m;
;;;obligation;modal;;;
;7408_6_1;Bauelemente, die der Gliederung oder der architektonischen Ausgestaltung der Schauseiten dienen, dürfen an Straßen bis 16,0 m Breite höchstens 0,6 m und an Straßen von mehr als 16,0 m Breite höchstens 0,8 m über die Baulinie ragen.;VorbautenBeschraenkung;content;NOTE: technically speaking this is an exception to 7408_6_0;N/A;
;;;VorstehendeBauelementeAusladungMax;content;;48s;
;;;Plangebiet;condition;;7408;
;;;StrassenbreiteMin;condition;;16m;
;;;obligation;modal;;;
;7408_7_0;An den zu den Verkehrsflächen der Gablenzgasse, Koppstraße und Panikengasse gerichteten Gebäudefronten sind Hauptfenster von Wohnungen im Erdgeschoß nicht zulässig.;UnzulaessigFensterZuOeffentlichenVerkehrsflaechen;content;;N/A;
;;;Plangebiet;condition;;7408;
;;;VerkehrsflaecheID;condition;;Gablenzgasse, Koppstraße und Panikengasse ;
;;;Stockwerk;condition;;Erdgeschoss;
;;;prohibition;modal;NOTE: not entirely clear, might be permission as well;;
;7408_8_0;Bei den innerhalb des Baulandes zur Errichtung gelangenden Gebäuden darf der höchste Punkt des Daches nicht höher als 4,5 m über der tatsächlich ausgeführten Gebäudehöhe liegen.;AbschlussDachMax;content;;4,5m;
;;;GebaeudeHoeheArt;condition;;tatsächlich ausgeführt;
;;;Plangebiet;condition;;7408;
;;;obligation;modal;;;
;7408_9_0;Einfriedungen auf gärtnerisch auszugestaltenden Flächen dürfen 2 m nicht überragen und ab einer Höhe von 0,5 m den freien Durchblick nicht hindern.;EinfriedungAusgestaltung;content;;N/A;
;;;EinfriedungHoeheGesamt;content;;2m;
;;;Plangebiet;condition;;7408;
;;;AnordnungGaertnerischeAusgestaltung;condition;;;
;;;obligation;modal;;;
;7408_10_0;Die mit Nebengebäuden bebaute Grundfläche darf höchstens 30 m2 je Bauplatz betragen.;BebauteFlaechefuerNebengebaeudeJeBauplatzMax;content;;30m2;
;;;Plangebiet;condition;;7408;
;;;obligation;modal;;;
;7408_10_1;Die Dächer dieser Nebengebäude sind ab einer Größe von 5 m2 entsprechend dem Stand der Technik als begrünte Flachdächer auszubilden, sofern es sich nicht um Glasdächer handelt.;BegruenungDach;content;;N/A;
;;;Plangebiet;condition;;7408;
;;;GebaeudeBautyp;condition;;Nebengebäude;
;;;Dachart;content;;Flachdach;
;;;Dachart;conditionException;;Glasdach;
;;;DachflaecheMin;condition;;5m2;
;;;obligation;modal;;;
;7408_10_2;Technische bzw. der Belichtung dienende Aufbauten sind im erforderlichen Ausmaß zulässig.;TechnischeUndBelichtungsAufbautenZulaessig;content;NOTE: incorporated in the previous one!;N/A;
;;;permission;modal;;;
;7408_11_0;Die Dächer der auf den mit der Festsetzung WGV I 5 m g bzw. GBGV I 5 m g bezeichneten Grundflächen zur Errichtung gelangenden Gebäude sind entsprechend dem Stand der Technik als begrünte Flachdächer auszubilden, sofern es sich nicht um Glasdächer handelt.;BegruenungDach;content;;N/A;
;;;Plangebiet;condition;;7408;
;;;Dachart;content;;Flachdach;
;;;Dachart;conditionException;;Glasdach;
;;;WidmungID;condition;;Wohngebiet-Geschäftsviertel;
;;;BauklasseID;condition;;I;
;;;GebaeudeHoeheMax;condition;NOTE: might need to replace all these conditions with a condition on the “Festsetzung”;5m;
;;;BauweiseID;condition;;geschlossen;
;;;obligation;modal;;;
;7408_11_0;Die Dächer der auf den mit der Festsetzung WGV I 5 m g bzw. GBGV I 5 m g bezeichneten Grundflächen zur Errichtung gelangenden Gebäude sind entsprechend dem Stand der Technik als begrünte Flachdächer auszubilden, sofern es sich nicht um Glasdächer handelt.;BegruenungDach;content;;N/A;
;;;Plangebiet;condition;;7408;
;;;Dachart;content;;Flachdach;
;;;Dachart;conditionException;;Glasdach;
;;;WidmungID;condition;;Gemischtes_Baugebiet-Geschäftsviertel;
;;;BauklasseID;condition;;I;
;;;GebaeudeHoeheMax;condition;NOTE: might need to replace all these conditions with a condition on the “Festsetzung”;5m;
;;;BauweiseID;condition;;geschlossen;
;;;obligation;modal;;;
;7408_11_1;Technische bzw. der Belichtung dienende Aufbauten sind im erforderlichen Ausmaß zulässig.;TechnischeUndBelichtungsAufbautenZulaessig;content;;N/A;
;;;permission;modal;;;
;7408_12_0;Nicht bebaute, jedoch bebaubare Baulandflächen sind mit Ausnahme des Betriebsbaugebietes gärtnerisch auszugestalten.;AnordnungGaertnerischeAusgestaltung;content;;N/A;
;;;Plangebiet;condition;;7408;
;;;FlaecheBebaubar;condition;;t;
;;;FlaecheBebaut;condition;;f;
;;;WidmungID;conditionException;;Betriebsbaugebiet;
;;;obligation;modal;;;
;7408_13_0;Innerhalb der als Bauland gewidmeten und mit G bezeichneten Flächen dürfen unterirdische Bauten oder Bauteile nur in einem Ausmaß von maximal 20 v. H. des Bauplatzes errichtet werden.;BauplatzUnterirdischeBebauungMax;content;;20;
;;;Plangebiet;condition;;7408;
;;;WidmungID;condition;;Bauland;
;;;WidmungID;condition;;G;
;;;prohibition;modal;;;
;7408_14_0;Bestimmungen gemäß § 5 Abs. 4 der BO für Wien mit Plandarstellung:;N/A;;;N/A;
;7408_15_0;Auf den mit BB1 bezeichneten Grundflächen ist die Unterbrechung der geschlossenen Bauweise zulässig.;UnterbrechungGeschlosseneBauweise;content;;N/A;
;;;Plangebiet;condition;;7408;
;;;PlanzeichenBBID;condition;;BB1;
;;;permission;modal;;;
;7408_16_0;Auf den mit BB2 bezeichneten Teilen des Wohn- oder gemischten Baugebietes darf die bebaute Fläche maximal 20% der Bauplatzgröße betragen.;BBBebaubareFlaecheGesamterBauplatz;content;;20 %;
;;;Plangebiet;condition;;7408;
;;;PlanzeichenBBID;condition;;BB2;
;;;WidmungID;condition;;Wohngebiet;
;;;prohibition;modal;;;
;7408_16_0;Auf den mit BB2 bezeichneten Teilen des Wohn- oder gemischten Baugebietes darf die bebaute Fläche maximal 20% der Bauplatzgröße betragen.;BBBebaubareFlaecheGesamterBauplatz;content;;20 %;
;;;Plangebiet;condition;;7408;
;;;PlanzeichenBBID;condition;;BB2;
;;;WidmungID;condition;;GemischtesBaugebiet;
;;;prohibition;modal;;;
;7408_16_1;Seite - 3 -;N/A;;;N/A;
;7408_17_0;Auf den mit BB3 bezeichneten Teilen des Wohn- oder gemischten Baugebietes darf die bebaute Fläche maximal 50% der Bauplatzgröße betragen.;BBBebaubareFlaecheGesamterBauplatz;content;;50 %;
;;;Plangebiet;condition;;7408;
;;;PlanzeichenBBID;condition;;BB3;
;;;WidmungID;condition;;Wohngebiet;
;;;obligation;modal;;;
;7408_17_0;Auf den mit BB3 bezeichneten Teilen des Wohn- oder gemischten Baugebietes darf die bebaute Fläche maximal 50% der Bauplatzgröße betragen.;BBBebaubareFlaecheGesamterBauplatz;content;;50 %;
;;;Plangebiet;condition;;7408;
;;;PlanzeichenBBID;condition;;BB3;
;;;WidmungID;condition;;GemischtesBaugebiet;
;;;obligation;modal;;;
;7408_18_0;Auf den mit G/BB4 bezeichneten Grundflächen dürfen keine unterirdischen Bauten errichtet werden.;UnterirdischeBauwerkeUnzulaessig;content;;N/A;
;;;Plangebiet;condition;;7408;
;;;PlanzeichenBBID;condition;;BB4;
;;;WidmungID;condition;;G;
;;;prohibition;modal;;;
;7408_18_1;Der Abteilungsleiter: Dipl.-Ing. Klaus Vatter Senatsrat;N/A;;;N/A;
;7443_1_0;Bezirk, Kat. G. Donaufeld und Leopoldau werden unter Anwendung des § 1 der BO für Wien folgende Bestimmungen getroffen:;N/A;;;N/A;
;7443_2_0;Die bisher gültigen Flächenwidmungspläne und Bebauungspläne verlieren, soweit sie innerhalb des gegenständlichen Plangebietes liegen, ihre weitere Rechtskraft.;N/A;;;N/A;
;7443_4_0;Die roten Planzeichen gelten als neu festgesetzt.;N/A;;;N/A;
;7443_4_1;"Für die rechtliche Bedeutung der Planzeichen ist die beiliegende ""Zeichenerklärung für den Flächenwidmungsplan und den Bebauungsplan"" (§§ 4 und 5 BO für Wien) vom 1.";N/A;;;N/A;x
;7443_4_2;Oktober 2001 maßgebend, die einen Bestandteil dieses Beschlusses bildet.;N/A;;;N/A;
;7443_5_0;Für die Querschnitte der Verkehrsflächen gemäß § 5 (2) lit. c der Bauordnung für Wien wird bestimmt, dass bei einer Straßenbreite unter 10,0 m Gehsteige mit insgesamt mindestens 2,0 m Breite, bei einer Straßenbreite von 10,0 m bis unter 16,0 m Gehsteige mit insgesamt mindestens 3,0 m Breite, bei einer Straßenbreite ab 16,0 m Gehsteige mit jeweils mindestens 2,0 m Breite, herzustellen sind.;GehsteigbreiteMin;content;;2m;
;;;Plangebiet;condition;;7443;
;;;StrassenbreiteMax;condition;;10m;
;;;obligation;modal;;;
;7443_5_0;Für die Querschnitte der Verkehrsflächen gemäß § 5 (2) lit. c der Bauordnung für Wien wird bestimmt, dass bei einer Straßenbreite unter 10,0 m Gehsteige mit insgesamt mindestens 2,0 m Breite, bei einer Straßenbreite von 10,0 m bis unter 16,0 m Gehsteige mit insgesamt mindestens 3,0 m Breite, bei einer Straßenbreite ab 16,0 m Gehsteige mit jeweils mindestens 2,0 m Breite, herzustellen sind.;GehsteigbreiteMin;content;;3m;
;;;Plangebiet;condition;;7443;
;;;StrassenbreiteVonBis;condition;;10m bis unter 16m;
;;;obligation;modal;;;
;7443_5_0;Für die Querschnitte der Verkehrsflächen gemäß § 5 (2) lit. c der Bauordnung für Wien wird bestimmt, dass bei einer Straßenbreite unter 10,0 m Gehsteige mit insgesamt mindestens 2,0 m Breite, bei einer Straßenbreite von 10,0 m bis unter 16,0 m Gehsteige mit insgesamt mindestens 3,0 m Breite, bei einer Straßenbreite ab 16,0 m Gehsteige mit jeweils mindestens 2,0 m Breite, herzustellen sind.;GehsteigbreiteMin;content;;2m;
;;;Plangebiet;condition;;7443;
;;;StrassenbreiteMin;condition;;16m;
;;;obligation;modal;;;
;7443_6_0;Gemäß § 5 (4) der Bauordnung für Wien wird für das gesamte Plangebiet ohne eigene Kennzeichnung im Plan bestimmt:;N/A;;;N/A;
;7443_6_1;Der höchste Punkt des Daches darf die tatsächlich ausgeführte Gebäudehöhe auf den im Bauland zur Errichtung gelangenden Gebäude um maximal 4,5 m überragen.;AbschlussDachMax;content;;4,5m;
;;;Plangebiet;condition;;7443;
;;;GebaeudeHoeheArt;condition;;tatsächlich ausgeführt;
;;;obligation;modal;;;
;7443_7_0;Gemäß § 5 (4) der Bauordnung für Wien wird für Teile des Plangebietes mit eigener Kennzeichnung im Plan (BB) bestimmt:;N/A;;;N/A;
;7443_8_0;In den mit BB1 bezeichneten Bereichen ist die Unterbrechung der geschlossenen Bauweise zulässig.;UnterbrechungGeschlosseneBauweise;content;;N/A;
;;;Plangebiet;condition;;7443;
;;;PlanzeichenBBID;condition;;BB1;
;;;permission;modal;;;
;7443_9_0;In den mit BB2 bezeichneten Bereichen ist die Errichtung von Fenstern von Aufenthaltsräumen von Wohnungen zur öffentlichen Verkehrsfläche im Erdgeschoss untersagt.;UnzulaessigFensterZuOeffentlichenVerkehrsflaechen;content;;N/A;
;;;Plangebiet;condition;;7443;
;;;PlanzeichenBBID;condition;;BB2;
;;;Stockwerk;condition;;Erdgeschoss;
;;;prohibition;modal;;;
;7443_10_0;Auf den als Gemischtes Baugebiet/Betriebsbaugebiet und mit BB3 bezeichneten Flächen sind Dächer von Gebäuden, die als Flachdächer mit einer Dachneigung bis zu 5 Grad ausgebildet werden, im Ausmaß von mindestens;AnteilDachbegruenung;content;;N/A;
;;;Plangebiet;condition;;7443;
;;;PlanzeichenBBID;condition;;BB3;
;;;WidmungID;condition;;Gemischtes_Baugebiet/Betriebsbaugebiet;
;;;Dachart;condition;;Flachdach;
;;;DachneigungMax;condition;;5Grad;
;;;obligation;modal;;;
;7443_11_0;% entsprechend dem Stand der Technik zu begrünen.;;;NOTE: should be part of previous sentence;;x
;7443_11_1;Technische bzw. der Belichtung dienende Aufbauten sind im erforderlichen Ausmaß zulässig.;TechnischeUndBelichtungsAufbautenZulaessig;content;;N/A;
;;;permission;modal;;;
;7443_12_0;Auf den mit EKZ BB4 bezeichneten Flächen ist die Errichtung eines Einkaufszentrums zulässig, wobei die von Räumen gemäß § 7c Abs. 1 BO für Wien in Anspruch genommene Gesamtfläche 4.300 m² nicht überschreiten darf.;EinkaufszentrumMaxFlaeche;content;;4.300m2;
;;;Plangebiet;condition;;7443;
;;;PlanzeichenBBID;condition;;BB4;
;;;WidmungID;condition;;EKZ;
;;;permission;modal;;;
;7443_13_0;In den mit BB5 und als Bauland/Gartensiedlungsgebiet gewidmeten Flächen ist eine Dachneigung von maximal 45 Grad zulässig.;BBDachneigungMax;content;;45;
;;;Plangebiet;condition;;7443;
;;;PlanzeichenBBID;condition;;BB5;
;;;WidmungID;condition;;Bauland/Gartensiedlungsgebiet;
;;;obligation;modal;;;
;7443_14_0;Im mit BB6 bezeichneten Sondergebiet ist die Errichtung von Baulichkeiten zum Zweck der Freizeitgestaltung und Betreuung von Jugendlichen und jungen Erwachsenen (z. B. Clubräume, Veranstaltungsräume, Beratungszimmer, Sporteinrichtungen etc.) zulässig.;ZweckbestimmungWidmungskategorie1;content;;Freizeitgestaltung und Betreuung von Jugendlichen und jungen Erwachsenen;
;;;Plangebiet;condition;;7443;
;;;PlanzeichenBBID;condition;;BB6;
;;;WidmungID;condition;Is this relevant?;Sondergebiet;
;7443_14_1;Das Ausmaß der bebaubaren Fläche wird mit 100 m² limitiert.;BBBebaubareFlaecheJeBauplatz ;content;;100m2;
;;;Plangebiet;condition;inherits location etc from previous sentence;7443;
;;;PlanzeichenBBID;condition;inherits location etc from previous sentence;BB6;
;;;WidmungID;condition;inherits location etc from previous sentence;Sondergebiet;
;;;obligation;modal;;;
;7443_14_2;Die Gebäudehöhe darf 3,5 m nicht überschreiten.;GebaeudeHoeheMax;content;;3,5m;
;;;Plangebiet;condition;inherits location etc from previous sentence;7443;
;;;PlanzeichenBBID;condition;inherits location etc from previous sentence;BB6;
;;;WidmungID;condition;inherits location etc from previous sentence;Sondergebiet;
;;;obligation;modal;;;
;;;GelaendeNeigungMin;conditionException;NOTE: comes from the next sentence!;10 %;
;7443_14_3;Bei einer Geländeneigung von mehr als 10 % darf die Gebäudehöhe 3,5 m überschreiten, jedoch an keiner Stelle mehr als 5,0 m betragen.;GebaeudeHoeheMax;content;;5,0m;
;;;Plangebiet;condition;inherits location etc from previous sentence;7443;
;;;PlanzeichenBBID;condition;inherits location etc from previous sentence;BB6;
;;;WidmungID;condition;inherits location etc from previous sentence;Sondergebiet;
;;;GelaendeNeigungMin;condition;;10 %;
;;;obligation;modal;;;
;7443_14_3;Bei einer Geländeneigung von mehr als 10 % darf die Gebäudehöhe 3,5 m überschreiten, jedoch an keiner Stelle mehr als 5,0 m betragen.;GebaeudeHoeheMin;content;NOTE: not fully clear whether it’s in the previous one.;3m 30s;
;;;Plangebiet;condition;inherits location etc from previous sentence;7443;
;;;PlanzeichenBBID;condition;inherits location etc from previous sentence;BB6;
;;;WidmungID;condition;inherits location etc from previous sentence;Sondergebiet;
;;;permission;modal;;;
;7443_15_0;In dem mit BB7 bezeichneten Bereich dürfen nicht mehr als 4 Hauptgeschosse errichtet werden.;MaxAnzahlGeschosseOberirdischOhneDachgeschoss;content;;4;
;;;Plangebiet;condition;;7443;
;;;PlanzeichenBBID;condition;;BB7;
;;;obligation;modal;;;
;7443_15_1;Dachgeschosse sind nicht zulässig.;MaxAnzahlGeschosseOberirdischDachgeschoss;content;abklären (0 wäre tendenziell ok);0;
;;;Plangebiet;condition;inherits location etc from previous sentence;7443;
;;;PlanzeichenBBID;condition;inherits location etc from previous sentence;BB7;
;;;obligation;modal;;;
;7443_16_0;In dem mit BB8 bezeichneten Bereich dürfen nicht mehr als 6 Hauptgeschosse errichtet werden.;MaxAnzahlGeschosseOberirdischOhneDachgeschoss;content;;6;
;;;Plangebiet;condition;;7443;
;;;PlanzeichenBBID;condition;;BB8;
;;;obligation;modal;;;
;7443_16_1;Dachgeschosse sind nicht zulässig.;MaxAnzahlGeschosseOberirdischDachgeschoss;content;;0;
;;;Plangebiet;condition;inherits location etc from previous sentence;7443;
;;;PlanzeichenBBID;condition;inherits location etc from previous sentence;BB8;
;;;prohibition;modal;;;
;7443_17_0;In den mit BB9 bezeichneten Bereichen dürfen nicht mehr als 5 Hauptgeschosse errichtet werden.;MaxAnzahlGeschosseOberirdischOhneDachgeschoss;content;;5;
;;;Plangebiet;condition;;7443;
;;;PlanzeichenBBID;condition;;BB9;
;;;prohibition;modal;;;
;7443_17_1;Dachgeschosse sind nicht zulässig.;MaxAnzahlGeschosseOberirdischDachgeschoss;content;;0;
;;;Plangebiet;condition;inherits location etc from previous sentence;7443;
;;;PlanzeichenBBID;condition;inherits location etc from previous sentence;BB9;
;;;prohibition;modal;;;
;7443_18_0;Die mit BB10 bezeichnete Fläche ist, soweit sie nicht für Zugänge, Zufahrten, Rangierflächen, Stellplätze oder betriebliche Manipulationen benötigt wird, gärtnerisch auszugestalten.;AnordnungGaertnerischeAusgestaltung;content;;N/A;
;;;AusnahmeGaertnerischAuszugestaltende;conditionException;;soweit sie nicht für Zugänge, Zufahrten, Rangierflächen, Stellplätze oder betriebliche Manipulationen benötigt wird;
;;;Plangebiet;condition;;7443;
;;;PlanzeichenBBID;condition;;BB10;
;;;obligation;modal;;;
;7443_19_0;Die mit BB11 bezeichnete Fläche ist von jeder ober- und unterirdischen Bebauung freizuhalten.;UnterirdischeBauwerkeUnzulaessig;content;;N/A;
;;;Plangebiet;condition;;7443;
;;;PlanzeichenBBID;condition;;BB11;
;;;obligation;modal;;;
;;;VonBebauungFreizuhalten;content;NOTE: Alternativ: ErrichtungGebaeude, Wert = falsch;N/A;
;7443_20_0;In Verbindung der Punkte A und B ist ein Bereich zur Errichtung und Duldung eines öffentlichen Durchganges durch die Gemeinde mit einer lichten Breite und einer lichten Höhe von 4 m von oberirdischer Bebauung freizuhalten.;DurchgangHoehe;content;;4m;
;;;Plangebiet;condition;;7443;
;;;Zwischen_Punkten;condition;;In Verbindung der Punkte A und B;
;;;DurchgangBreite;content;;4m;
;;;obligation;modal;;;
;7443_21_0;Zwischen dem mit den Buchstaben C und D gekennzeichneten Bereich der Grenz- bzw. Baulinie ist die Errichtung von vollflächigen Einfriedungen mit maximal 2,5 m Höhe zulässig.;EinfriedungAusgestaltung;content;;Maximal 2,5m Hoehe;
;;;Plangebiet;condition;;7443;
;;;Zwischen_Punkten;condition;;Zwischen dem mit den Buchstaben C und D gekennzeichneten Bereich der Grenz- bzw. Baulinie;
;;;EinfriedungZulaessig;content;;;
;;;EinfriedungLage;content;;;
;;;EinfriedungMaxHoehe;content;;2,5 meter;
;7443_22_0;Gemäß § 4 (3) der Bauordnung für Wien wird für Teile des Plangebietes mit eigener Kennzeichnung im Plan (BB) bestimmt.;N/A;;;N/A;
;7443_22_1;Für den mit BB12 bezeichneten Bereich werden gesonderte Bestimmungen für zwei übereinanderliegende Räume derart festgesetzt, dass der Raum bis zur Brückenkonstruktionsunterkante als Schutzgebiet Wald- und Wiesengürtel und der Raum darüber als Verkehrsband ausgewiesen wird.;WidmungErsteEbene;content;;Schutzgebiet Wald- und Wiesengürtel;
;;;WidmungZweiteEbene;content;;Verkehrsband;
;;;WidmungZweiteEbeneBezugObjekt;content;;Brückenkonstruktionsunterkante;
;;;Plangebiet;condition;;7443;
;;;PlanzeichenBBID;condition;;BB12;
;7443_22_2;Der Abteilungsleiter: Dipl.-Ing. Binder Senatsrat;N/A;;;N/A;
;7531_1_0;Die bisher gültigen Flächenwidmungspläne und Bebauungspläne verlieren, soweit sie innerhalb des gegenständlichen Plangebietes liegen, ihre weitere Rechtskraft.;N/A;;;N/A;
;7531_3_0;Die roten Planzeichen gelten als neu festgesetzt.;N/A;;;N/A;
;7531_3_1;"Für die rechtliche Bedeutung der roten Planzeichen ist die beiliegende ""Zeichenerklärung für den Flächenwidmungsplan und den Bebauungsplan"" (§§ 4 und 5 der BO für Wien) vom 1.";N/A;;;N/A;x
;7531_3_2;Oktober 2001 maßgebend, die einen Bestandteil dieses Beschlusses bildet.;N/A;;;N/A;
;7531_4_0;Für die Querschnitte der Verkehrsflächen gemäß § 5 Abs. 2 lit. c der BO für Wien wird bestimmt, dass bei einer Straßenbreite von 10,0 m bis unter 16,0 m entlang der Fluchtlinien Gehsteige mit mindestens 1,5 m Breite und bei einer Straßenbreite ab 16,0 m entlang der Fluchtlinien Gehsteige mit mindestens 2,0 m Breite herzustellen sind.;GehsteigbreiteMin;content;;1.5m;
;;;Plangebiet;condition;;7531;
;;;StrassenbreiteVonBis;condition;;10m bis unter 16m;
;;;AnFluchtlinie;condition;;;
;;;obligation;modal;;;
;7531_4_0;Für die Querschnitte der Verkehrsflächen gemäß § 5 Abs. 2 lit. c der BO für Wien wird bestimmt, dass bei einer Straßenbreite von 10,0 m bis unter 16,0 m entlang der Fluchtlinien Gehsteige mit mindestens 1,5 m Breite und bei einer Straßenbreite ab 16,0 m entlang der Fluchtlinien Gehsteige mit mindestens 2,0 m Breite herzustellen sind.;GehsteigbreiteMin;content;;2m;
;;;Plangebiet;condition;;7531;
;;;StrassenbreiteMin;condition;;16m;
;;;AnFluchtlinie;condition;;;
;;;obligation;modal;;;
;7531_4_1;Bei einer Straßenbreite bis zu 6,0 m sind Gehsteige niveaugleich mit der Fahrbahn auszuführen.;GehsteigNiveaugleichMitFahrbahn;;;N/A;
;;;Plangebiet;condition;;7531;
;;;StrassenbreiteMax;condition;;6.0m;
;;;obligation;modal;;;
;7531_4_2;In der Roggendorfgasse und Rosensteingasse sowie in der öffentlichen Verkehrsfläche entlang der Vorortelinie zwischen Schumanngasse und Kreuzgasse ist Vorsorge zur Pflanzung und Erhaltung von mindestens einer Baumreihe zu treffen.;VorkehrungBepflanzungOeffentlicheVerkehrsflaeche;;;Baumreihe;
;;;Plangebiet;condition;;7531;
;;;VerkehrsflaecheID;condition;;Roggendorfgasse;
;;;obligation;modal;;;
;7531_4_2;In der Roggendorfgasse und Rosensteingasse sowie in der öffentlichen Verkehrsfläche entlang der Vorortelinie zwischen Schumanngasse und Kreuzgasse ist Vorsorge zur Pflanzung und Erhaltung von mindestens einer Baumreihe zu treffen.;VorkehrungBepflanzungOeffentlicheVerkehrsflaeche;content;;Baumreihe;
;;;Plangebiet;condition;;7531;
;;;VerkehrsflaecheID;condition;;Rosensteingasse;
;;;obligation;modal;;;
;7531_4_2;In der Roggendorfgasse und Rosensteingasse sowie in der öffentlichen Verkehrsfläche entlang der Vorortelinie zwischen Schumanngasse und Kreuzgasse ist Vorsorge zur Pflanzung und Erhaltung von mindestens einer Baumreihe zu treffen.;VorkehrungBepflanzungOeffentlicheVerkehrsflaeche;content;;Baumreihe;
;;;Plangebiet;condition;;7531;
;;;VerkehrsflaecheID;condition;NOTE: not entirely clear;in der öffentlichen Verkehrsfläche entlang der Vorortelinie zwischen Schumanngasse und Kreuzgasse;
;;;obligation;modal;;;
;7531_5_0;Gemäß § 5 Abs. 4 der BO für Wien wird für das gesamte Plangebiet ohne eigene Kennzeichnung im Plan bestimmt:;N/A;;;N/A;
;7531_6_0;1;N/A;;;N/A;x
;7531_6_1;Der höchste Punkt der im Bauland zur Errichtung gelangenden Dächer darf nicht mehr als 4,5 m über der tatsächlich ausgeführten Gebäudehöhe liegen.;AbschlussDachMax;content;;4,5m;
;;;Plangebiet;condition;;7531;
;;;GebaeudeHoeheArt;condition;;tatsächlich ausgeführt;
;;;obligation;modal;;;
;7531_7_0;2;N/A;;;N/A;x
;7531_7_1;Soweit die zulässige Gebäudehöhe nach § 81 Abs. 2 der BO für Wien zu ermitteln ist, wird für die Gliederung der Baumassen bestimmt, dass der obere Abschluss der Gebäudefronten an keiner Stelle höher als das um 1,5 m vermehrte Ausmaß der zulässigen Gebäudehöhe über dem anschließenden Gelände liegen darf.;Massengliederung;content;;dass der obere Abschluss der Gebäudefronten an keiner Stelle höher als das um 1,5 m vermehrte Ausmaß der zulässigen Gebäudehöhe über dem anschließenden Gelände liegen darf.;
;;;Plangebiet;condition;;7531;
;;;GebaeudeHoeheNachPar81;condition;;;
;;;obligation;modal;;;
;7531_8_0;3;N/A;;;N/A;x
;7531_8_1;Die Dächer der auf den mit der Festsetzung Bauland/ Wohngebiet, Geschäftsviertel, Bauklasse I bezeichneten Grundflächen zur Errichtung gelangenden Gebäude sind bis zu einer Gebäudehöhe von 6 m entsprechend dem Stand der Technik als begrünte Flachdächer auszubilden, sofern es sich nicht um Glasdächer handelt.;BegruenungDach;content;;N/A;
;;;Dachart;content;;Flachdach;
;;;Plangebiet;condition;;7531;
;;;PlanzeichenBBID;condition;;WGV;
;;;BauklasseID;condition;;1;
;;;GebaeudeHoeheMax;condition;;6m;
;;;Dachart;conditionException;;Glasdach;
;;;obligation;modal;;;
;7531_8_2;Technische bzw. der Belichtung dienende Aufbauten sind im erforderlichen Ausmaß zulässig.;TechnischeUndBelichtungsAufbautenZulaessig;content;;N/A;
;;;permission;modal;;;
;7531_9_0;4;N/A;;;N/A;x
;7531_9_1;Die mit Nebengebäuden bebaute Grundfläche darf höchstens 30 m2 je Bauplatz betragen.;BebauteFlaechefuerNebengebaeudeJeBauplatzMax;content;;30m2;
;;;Plangebiet;condition;;7531;
;;;obligation;modal;;;
;7531_9_2;Die Dächer der zur Errichtung gelangenden Nebengebäude sind ab einer Größe von 5 m2 entsprechend dem Stand der Technik als begrünte Flachdächer auszubilden, sofern es sich nicht um Glasdächer handelt.;BegruenungDach;content;;N/A;
;;;Dachart;content;;Flachdach;
;;;Plangebiet;condition;;7531;
;;;GebaeudeBautyp;condition;;Nebengebäude;
;;;DachflaecheMin;condition;;5m2;
;;;Dachart;conditionException;;Glasdach;
;;;obligation;modal;;;
;7531_9_3;Technische bzw. der Belichtung dienende Aufbauten sind im erforderlichen Ausmaß zulässig.;TechnischeUndBelichtungsAufbautenZulaessig;content;;N/A;
;;;permission;modal;;;
;7531_10_0;5;N/A;;;N/A;x
;7531_10_1;Einfriedungen auf gärtnerisch auszugestaltenden Flächen dürfen ab einer Höhe von 0,5 m den freien Durchblick nicht hindern.;EinfriedungAusgestaltung;content;;N/A;
;;;Plangebiet;condition;;7531;
;;;EinfriedungHoeheMin;condition;;0.5m;
;7531_11_0;6;N/A;;;N/A;x
;7531_11_1;Nicht bebaute, jedoch bebaubare Baulandflächen sind gärtnerisch auszugestalten.;AnordnungGaertnerischeAusgestaltung;content;;N/A;
;;;Plangebiet;condition;;7531;
;;;FlaecheBebaubar;condition;;t;
;;;FlaecheBebaut;condition;;f;
;;;obligation;modal;;;
;7531_12_0;7;N/A;;;N/A;x
;7531_12_1;Innerhalb der als Bauland gewidmeten und mit G bezeichneten Flächen dürfen unterirdische Bauten oder Bauteile nur in einem Ausmaß von maximal 20 v. H. des Bauplatzes errichtet werden.;BauplatzUnterirdischeBebauungMax;content;;N/A;
;;;Plangebiet;condition;;7531;
;;;WidmungID;condition;;G;
;;;obligation;modal;;;
;7531_13_0;Gemäß § 5 Abs. 4 der BO für Wien wird für Teile des Plangebietes mit eigener Kennzeichnung im Plan bestimmt:;N/A;;;N/A;
;7531_14_0;1;N/A;;;N/A;x
;7531_14_1;Auf den mit BB1 bezeichneten Grundflächen ist die Unterbrechung der geschlossenen Bauweise zulässig.;UnterbrechungGeschlosseneBauweise;content;;N/A;
;;;Plangebiet;condition;;7531;
;;;PlanzeichenBBID;condition;;BB1;
;;;permission;modal;;;
;7531_15_0;2;N/A;;;N/A;x
;7531_15_1;Auf den mit G BB2 bezeichneten Grundflächen dürfen keine unterirdischen Bauten errichtet werden.;UnterirdischeBauwerkeUnzulaessig;content;;N/A;
;;;Plangebiet;condition;;7531;
;;;PlanzeichenBBID;condition;;BB2;
;;;WidmungID;condition;;G;
;;;prohibition;modal;;;
;7531_16_0;3;N/A;;;N/A;x
;7531_16_1;Auf den mit BB3 bezeichneten und als Bauland/ Wohngebiet gewidmeten Grundflächen darf das Ausmaß der bebauten Fläche maximal 80 v. H. des jeweiligen Teiles des Bauplatzes betragen.;BBBebaubareFlaecheJeBauplatz;content;;80 %;
;;;Plangebiet;condition;;7531;
;;;PlanzeichenBBID;condition;;BB3;
;;;WidmungID;condition;;Wohngebiet;
;;;obligation;modal;;;
;7531_17_0;4;N/A;;;N/A;x
;7531_17_1;Auf den mit BB4 bezeichneten Grundflächen darf das Ausmaß der bebauten Fläche maximal 60 v. H. der jeweiligen Grundfläche betragen.;BBBebaubareFlaecheAbgegrenzt;content;;60 %;
;;;Plangebiet;condition;;7531;
;;;PlanzeichenBBID;condition;;BB4;
;;;obligation;modal;;;
;7531_18_0;5;N/A;;;N/A;x
;7531_18_1;Auf den mit P BB5 bezeichneten und für Anlagen zum Einstellen von Kraftfahrzeugen vorbehaltenen Grundflächen dürfen mindestens 20 v.H. dieser Grundflächen nicht versiegelt werden.;OberflaecheBestimmungP;content;;N/A;
;;;Plangebiet;condition;;7531;
;;;PlanzeichenBBID;condition;;BB5;
;;;WidmungID;condition;;P;
;;;FlaecheVorbehaltP;condition;;;
;;;prohibition;modal;;;
;7531_19_0;6;N/A;;;N/A;x
;7531_19_1;Auf der mit öDg bezeichneten und als Grünland/ Erholungsgebiet/ Sportund Spielplätze gewidmeten Grundfläche ist im Niveau des anschließenden Geländes ein öffentlicher Durchgang mit einer Breite von 3,0 m freizuhalten und zu dulden.;DurchgangBreite;content;;3m;
;;;Plangebiet;condition;;7531;
;;;PlanzeichenBBID;condition;;öDG;
;;;WidmungID;condition;;Gruenland/Erholungsgebiet/Sport_und_Spielplaetze;
;;;obligation;modal;;;
;7531_20_0;Gemäß § 4 Abs. 3 und § 5 Abs. 7 der BO für Wien werden für die mit BB6 bezeichneten Bereiche gesonderte Bestimmungen für zwei übereinanderliegende Räume derart festgesetzt, dass der Raum bis zur Brückenkonstruktionsunterkante als öffentliche Verkehrsfläche und der Raum darüber als Verkehrsband ausgewiesen wird.;WidmungErsteEbene;content;;oeffentliche_Verkehrsflaeche;
;;;Plangebiet;condition;;7531;
;;;PlanzeichenBBID;condition;;BB6;
;;;WidmungZweiteEbene;content;;Verkehrsband;
;;;WidmungZweiteEbeneBezugObjekt;content;;Brückenkonstruktionsunterkante;
;;;constitutiveNorm;modal;;;
;7531_20_1;Der Abteilungsleiter: Dipl.-Ing. Klaus Vatter Senatsrat;N/A;;;N/A;
;7545_1_0;Die bisher gültigen Flächenwidmungspläne und Bebauungspläne verlieren, soweit sie innerhalb des gegenständlichen Plangebietes liegen, ihre weitere Rechtskraft.;N/A;;;N/A;
;7545_3_0;Die roten Planzeichen gelten als neu festgesetzt.;N/A;;;N/A;
;7545_3_1;"Für die rechtliche Bedeutung der Planzeichen ist die beiliegende ""Zeichenerklärung für den Flächenwidmungsplan und den Bebauungsplan"" (§§ 4 und 5 BO für Wien) vom 1.";N/A;;;N/A;
;7545_3_2;Oktober 2001 maßgebend, die einen Bestandteil dieses Beschlusses bildet.;N/A;;;N/A;x
;7545_4_0;Für die Querschnitte der Verkehrsflächen gemäß § 5 (2) lit. c der Bauordnung für Wien wird bestimmt, dass bei einer Straßenbreite ab 16,0 m Gehsteige mit jeweils mindestens 2,0 m Breite herzustellen sind.;GehsteigbreiteMin;content;;2.0m;
;;;Plangebiet;condition;;7545;
;;;StrassenbreiteMin;condition;;16.0m;
;;;obligation;modal;;;
;7545_4_1;Für die Querschnitte Wagramer Straße, Schüttaustraße und Schödlbergergasse ist innerhalb des Plangebietes Vorsorge für die Pflanzung und Erhaltung einer Baumreihe zu treffen.;VorkehrungBepflanzungOeffentlicheVerkehrsflaeche;content;;Baumreihe;
;;;Plangebiet;condition;;7545;
;;;VerkehrsflaecheID;condition;;Wagramer Straße, Schüttaustraße und Schödlbergergasse;
;;;obligation;modal;;;
;7545_5_0;Gemäß § 5 (4) der Bauordnung für Wien wird für das gesamte Plangebiet ohne eigene Kennzeichnung im Plan bestimmt:;N/A;;;N/A;
;7545_6_0;Die in Prozentsätzen angegebenen Beschränkungen der baulichen Ausnützbarkeit beziehen sich jeweils auf die mit diesen Prozentsätzen bezeichneten und durch Fluchtlinien umgrenzten Flächen.;N/A;;NOTE: This is bad.;N/A;
;7545_6_1;Bei Trennung dieser Flächen auf mehrere Bauplätze oder sonstige bebaubare Flächen beziehen sich die angegebenen Prozentsätze auf die jeweils in diese Bauplätze oder sonstigen bebaubaren Flächen entfallenden Teile der bezeichneten Flächen.;N/A;;NOTE: This is bad.;N/A;
;7545_7_0;Alle bebaubaren, jedoch unbebaut bleibenden Grundflächen sind, mit Ausnahme von unbedingt erforderlichen Park-, Rangier- und Manipulationsflächen, gärtnerisch auszugestalten.;AnordnungGaertnerischeAusgestaltung;content;;N/A;
;;;Plangebiet;condition;;7545;
;;;FlaecheBebaubar;condition;;t;
;;;FlaecheBebaut;condition;;f;
;;;AusnahmeGaertnerischAuszugestaltende;conditionException;;Unbedingt erforderliche Park-, Rangier- und Manipulationsflächen;
;;;obligation;modal;;;
;7545_8_0;Im Bauland Gartensiedlungsgebiet darf die Dachneigung maximal 45 Grad betragen.;BBDachneigungMax;content;;45;
;;;Plangebiet;condition;;7545;
;;;WidmungID;condition;;Bauland/Gartensiedlungsgebiet;
;;;obligation;modal;;;
;7545_8_1;Der höchste Punkt der zur Errichtung gelangenden Dächer darf die tatsächlich erreichte Gebäudehöhe um höchstens 4,5 m überragen.;AbschlussDachMax;content;;4,5m;
;;;GebaeudeHoeheArt;condition;;tatsächlich erreicht;
;;;Plangebiet;condition;;7545;
;;;obligation;modal;;;
;7545_9_0;Gemäß § 5 (4) der Bauordnung für Wien wird für Teile des Plangebietes mit eigener Kennzeichnung im Plan (BB) bestimmt:;N/A;;;N/A;
;7545_10_0;Auf den mit BB1 bezeichneten Flächen ist die Unterbrechung der geschlossenen Bauweise zulässig.;UnterbrechungGeschlosseneBauweise;content;;N/A;
;;;Plangebiet;condition;;7545;
;;;PlanzeichenBBID;condition;;BB1;
;;;permission;modal;;;
;7545_11_0;Auf der mit Esp BB2 bezeichneten Fläche dürfen nur Gebäude und bauliche Anlagen in einem Ausmaß von insgesamt maximal 10 % der Grundfläche und einer Gebäudehöhe von maximal 7,5 m errichtet werden.;BBAusnuetzbarkeitFlaecheGrundflaechenbezugRelativ ;content;;10 %;
;;;Plangebiet;condition;;7545;
;;;PlanzeichenBBID;condition;;BB2;
;;;WidmungID;condition;;Esp;
;;;GebaeudeHoeheMax;content;;7.5m;
;;;obligation;modal;;;
;7545_12_0;Auf der mit BB3 bezeichneten Fläche ist die Errichtung von Gebäuden für gastronomische Zwecke und für Zwecke der Bootsvermietung mit einer maximal bebauten Grundfläche von 550 m² und einer Gebäudehöhe von maximal 4,0 m zulässig.;BBAusnuetzbarkeitFlaecheGrundflaechenbezug ;content;NOTE: not entirely clear;550m2;
;;;Plangebiet;condition;;7545;
;;;PlanzeichenBBID;condition;;BB3;
;;;ZweckbestimmungWidmungskategorie1;content;;gastronomische Zwecke;
;;;ZweckbestimmungWidmungskategorie2;content;;Bootsvermietung;
;;;GebaeudeHoeheMax;content;;4.0m;
;;;permission;modal;;;
;7545_12_1;Der höchste Punkt des Daches darf die tatsächlich ausgeführte Gebäudehöhe um nicht mehr als 3,0 m überragen.;AbschlussDachMax;content;NOTE: Plangebiet etc are inherited from the previous sentence. Also, not quite clear whether the Zweck etc should be conditions;3m;
;;;GebaeudeHoeheArt;condition;;tatsächlich ausgeführt;
;;;Plangebiet;condition;;7545;
;;;PlanzeichenBBID;condition;;BB3;
;;;prohibition;modal;;;
;7545_13_0;Die mit G BB4 bezeichnete Fläche ist gärtnerisch auszugestalten.;AnordnungGaertnerischeAusgestaltung;content;;N/A;
;;;Plangebiet;condition;;7545;
;;;PlanzeichenBBID;condition;;BB4;
;;;WidmungID;condition;;G;
;;;obligation;modal;;;
;7545_13_1;Die Errichtung von unterirdischen Anlagen zum Einstellen von Kraftfahrzeugen ist zulässig.;GebaeudeEinschraenkungP;content;;N/A;
;;;Plangebiet;condition;;7545;
;;;PlanzeichenBBID;condition;NOTE: inherited from the previous sentence;BB4;
;;;WidmungID;condition;NOTE: inherited from the previous sentence;G;
;;;permission;modal;;;
;7545_13_2;Die oberste Decke (Dach) der baulichen Anlage ist konstruktiv so auszubilden, dass darüber eine Erdschüttung von mindestens 50,0 cm aufgebracht werden kann.;Weitere_Bestimmung_Prüfung_erforderlich;content;;N/A;
;;;Plangebiet;condition;;7545;
;;;PlanzeichenBBID;condition;NOTE: inherited from the previous sentence;BB4;
;;;WidmungID;condition;NOTE: inherited from the previous sentence;G;
;;;obligation;modal;;;
;7545_13_3;Für 10 % der mit BB4 bezeichneten Fläche sind technische Vorkehrungen für Baumpflanzungen (Erdkerne) zu treffen.;AnteilBaumbepflanzung;content;;10 %;
;;;Plangebiet;condition;;7545;
;;;PlanzeichenBBID;condition;;BB4;
;;;obligation;modal;;;
;7545_13_4;Technisch erforderliche Aufbauten sind zulässig.;TechnischeAufbautenZulaessig;content;;N/A;
;;;Plangebiet;condition;;7545;
;;;PlanzeichenBBID;condition;NOTE: inherited from the previous sentence;BB4;
;;;permission;modal;;;
;7545_14_0;Auf der mit P BB5 bezeichneten Fläche ist das Abstellen von Kraftfahrzeugen im Niveau zulässig.;StellplatzImNiveauZulaessig;content;;N/A;
;;;Plangebiet;condition;;7545;
;;;PlanzeichenBBID;condition;;BB5;
;;;WidmungID;condition;;P;
;;;permission;modal;;;
;7545_14_1;Mindestens 40 % der Fläche sind gärtnerisch auszugestalten.;AnordnungGaertnerischeAusgestaltung;content;;N/A;
;;;Plangebiet;condition;;7545;
;;;PlanzeichenBBID;condition;NOTE: inherited from the previous sentence;BB5;
;;;WidmungID;condition;NOTE: inherited from the previous sentence;P;
;;;obligation;modal;;;
;7545_15_0;Gemäß § 5 (4) und § 5 (7) der Bauordnung für Wien wird für Teile des Plangebietes mit eigener Kennzeichnung im Plan (BB) bestimmt:;N/A;;;N/A;
;7545_16_0;Für die mit BB6 bezeichneten Flächen wird bestimmt, dass der Raum bis zu einer Höhe von 12,2 m über Wiener Null der öffentlichen Verkehrsfläche als Fußweg, der darüber liegende Raum dem Bauland (Struktureinheit 1) zugeordnet wird.;WidmungErsteEbene;content;;Fussweg;
;;;Plangebiet;condition;;7545;
;;;PlanzeichenBBID;condition;;BB6;
;;;WidmungZweiteEbene;content;;Bauland (Struktureinheit 1);
;;;WidmungZweiteEbeneBezugHoehe;content;;12,2m über Wiener Null;
;;;constitutiveNorm;modal;;;
;7545_16_1;Die Anordnung statisch unbedingt erforderlicher Stützen ist zulässig.;AusnahmePruefungErforderlich;content;;N/A;
;;;Plangebiet;condition;;7545;
;;;PlanzeichenBBID;condition;NOTE: inherited from the previous sentence;BB6;
;;;permission;modal;;;
;7545_17_0;Für die mit BB7 bezeichneten Flächen wird bestimmt, dass der Raum bis zu einer Höhe von 12,2 m über Wiener Null der öffentlichen Verkehrsfläche, der darüber liegende Raum dem Bauland (Struktureinheit 1) zugeordnet wird.;WidmungErsteEbene;content;;oeffentliche_Verkehrsflaeche;
;;;WidmungZweiteEbene;content;;Bauland (Struktureinheit 1);
;;;WidmungZweiteEbeneBezugHoehe;content;;12,2 m über Wiener Null;
;;;Plangebiet;condition;;7545;
;;;PlanzeichenBBID;condition;;BB7;
;;;constitutiveNorm;modal;;;
;7545_17_1;Die Anordnung statisch unbedingt erforderlicher Stützen ist in einem Abstand zwischen 2,0 m und 2,5 m von der Baulinie zulässig.;AusnahmePruefungErforderlich;content;;N/A;
;;;Plangebiet;condition;;7545;
;;;PlanzeichenBBID;condition;NOTE: inherited from the previous sentence;BB7;
;;;permission;modal;;;
;7545_18_0;Für die mit BB8 bezeichneten Flächen wird bestimmt, dass der Raum bis zur Brückenkonstruktionsunterkante dem Erholungsgebiet/Freie Wasserfläche und der Raum darüber der öffentlichen Verkehrsfläche als Fußweg zugeordnet wird.;WidmungErsteEbene;content;;Erholungsgebiet/Freie_Wasserflaeche;
;;;Plangebiet;condition;;7545;
;;;PlanzeichenBBID;condition;;BB8;
;;;WidmungZweiteEbene;content;;oeffentliche_Verkehrsflaeche/Fussweg;
;;;WidmungZweiteEbeneBezugObjekt;content;;Brückenkonstruktionsunterkante;
;;;constitutiveNorm;modal;;;
;7545_19_0;Gemäß § 77 der Bauordnung für Wien wird bestimmt:;N/A;;;N/A;
;7545_20_0;Die mit StrE 1 bezeichneten Flächen bilden zusammen eine Struktureinheit und dürfen unmittelbar bebaut bzw. überbaut werden.;StruktureinheitBebaubar;content;;N/A;
;;;Plangebiet;condition;;7545;
;;;WidmungID;condition;;StrE 1;
;;;permission;modal;;;
;7545_21_0;Das höchstzulässige Ausmaß des umbauten Raumes der Struktureinheit darf ab + 7,0 m über Wiener Null insgesamt 48.000 m³ nicht überschreiten.;UmbaubarerRaumBauplatzMax;content;;48.000m3;
;;;Weitere_Bestimmung_Prüfung_erforderlich;content;;;
;;;AnschlussGebaeudeAnGelaende;condition;;7.0m;
;;;Plangebiet;condition;;7545;
;;;WidmungID;condition;NOTE: inherited from the previous sentence;StrE 1;
;;;obligation;modal;;;
;7545_22_0;Die zur Errichtung gelangenden Gebäude und baulichen Anlagen dürfen jeweils eine Gebäudehöhe von +25,0 m über Wiener Null nicht überschreiten.;Weitere_Bestimmung_Prüfung_erforderlich;content;;+25m;
;;;Plangebiet;condition;;7545;
;;;WidmungID;condition;NOTE: inherited from the previous sentence;StrE 1;
;;;obligation;modal;;;
;7545_22_1;Der höchste Punkt der zur Errichtung gelangenden Dächer darf die tatsächlich erreichte Gebäudehöhe um höchstens 2,0 m überragen.;AbschlussDachMax;;;2,0m;
;;;GebaeudeHoeheArt;;;tatsächlich erreicht;
;;;Plangebiet;condition;;7545;
;;;WidmungID;condition;NOTE: inherited from the previous sentence;StrE 1;
;;;obligation;modal;;;
;7545_22_2;Technische Aufbauten sind bis zu einer Höhe von 6,5 m über der tatsächlich erreichten Gebäudehöhe zulässig.;TechnischeAufbautenHoeheMax;content;;N/A;
;;;Plangebiet;condition;;7545;
;;;WidmungID;condition;NOTE: inherited from the previous sentence;StrE 1;
;;;permission;modal;;;
;;;obligation;modal;;;
;7545_23_0;Die Errichtung von Wohnungen ist nicht zulässig.;VerbotWohnung;content;;N/A;
;;;Plangebiet;condition;;7545;
;;;WidmungID;condition;NOTE: inherited from the previous sentence;StrE 1;
;;;AusnahmeVonWohnungenUnzulaessig;content;NOTE: comes from the next sentence!;Wohnungen für den Bedarf der Betriebsleitung und der Betriebsaufsicht;
;;;prohibition;modal;;;
;7545_23_1;Ausgenommen ist die Errichtung von Wohnungen für den Bedarf der Betriebsleitung und der Betriebsaufsicht.;;;NOTE: incorporated in the previous one!;N/A;
;7545_24_0;Es wird darauf hingewiesen, dass im Rahmen der bautechnischen Ausführung bei Errichtung von Kellern auf die Möglichkeit eines schwankenden Grundwasserspiegels Rücksicht zu nehmen ist.;N/A;;;N/A;
;7545_24_1;Der Abteilungsleiter: Dipl.-Ing.;N/A;;;N/A;
;7545_24_2;Herbert Binder Senatsrat;N/A;;;N/A;
;7702_1_0;Die bisher gültigen Flächenwidmungspläne und Bebauungspläne verlieren, soweit sie innerhalb des gegenständlichen Plangebietes liegen, ihre weitere Rechtskraft.;N/A;;;N/A;
;7702_3_0;Die roten Planzeichen gelten als neu festgesetzt.;N/A;;;N/A;
;7702_3_1;"Für die rechtliche Bedeutung der Planzeichen ist die beiliegende ""Zeichenerklärung für den Flächenwidmungsplan und den Bebauungsplan"" (§§ 4 und 5 BO für Wien) vom 1.";N/A;;;N/A;x
;7702_3_2;Oktober 2001 maßgebend, die einen Bestandteil dieses Beschlusses bildet.;N/A;;;N/A;
;7702_4_0;Für die Querschnitte der Verkehrsflächen gemäß § 5 (2) lit. c der Bauordnung für Wien wird bestimmt, dass bei einer Straßenbreite ab 11,0 m Gehsteige mit jeweils mindestens 2,0 m Breite herzustellen sind.;GehsteigbreiteMin;content;;2m;
;;;StrassenbreiteMin;condition;;11m;
;;;Plangebiet;condition;;7702;
;;;obligation;modal;;;
;7702_4_1;Für die innerhalb des Plangebietes liegenden Bereiche der Querschnitte der GroßEnzersdorfer Straße sowie der Saltenstraße wird bestimmt, dass jeweils Vorsorge zur Errichtung einer Radverkehrsanlage sowie zur Pflanzung einer Baumreihe zu treffen ist.;VorkehrungBepflanzungOeffentlicheVerkehrsflaeche;content;;Baumreihe;
;;;Plangebiet;condition;;7702;
;;;Vorsorge_Errichtung_Radverkehrsanlage;content;;;
;;;VerkehrsflaecheID;condition;;GroßEnzersdorfer Straße sowie der Saltenstraße;
;;;obligation;modal;;;
;7702_5_0;Gemäß § 5 (4) der Bauordnung für Wien wird für das gesamte Plangebiet ohne eigene Kennzeichnung im Plan bestimmt:;N/A;;;N/A;
;7702_5_1;Die im Plan in Prozentsätzen angegebenen Beschränkungen der baulichen Ausnützbarkeit beziehen sich jeweils auf die mit diesen Prozentsätzen bezeichneten und durch Fluchtlinien umgrenzten Flächen.;N/A;;;N/A;
;7702_5_2;Bei Trennung dieser Flächen auf verschiedene Bauplätze beziehen sich die angegebenen Prozentsätze auf die jeweils in diese Bauplätze entfallenden Teile der bezeichneten Flächen.;N/A;;;N/A;
;7702_6_0;Gemäß § 5 (4) der Bauordnung für Wien wird für Teile des Plangebietes mit eigener Kennzeichnung im Plan (BB) bestimmt:;N/A;;;N/A;
;7702_7_0;Auf den mit BB1 bezeichneten Flächen ist die Unterbrechung der geschlossenen Bauweise zulässig.;UnterbrechungGeschlosseneBauweise;content;;N/A;
;;;Plangebiet;condition;;7702;
;;;PlanzeichenBBID;condition;;BB1;
;;;permission;modal;;;
;7702_8_0;Auf den mit BB2 bezeichneten Flächen ist die Bebaubarkeit der Bauplätze mit einer Fläche von mehr als 1.500 m² mit 25 % beschränkt.;BBBebaubareFlaecheGesamterBauplatz;content;;25 %;
;;;Plangebiet;condition;;7702;
;;;PlanzeichenBBID;condition;;BB2;
;;;BebaubareFlaeche;condition;;1.500m2;
;;;obligation;modal;;;
;7702_9_0;Auf den mit BB3 bezeichneten Grundflächen sind die nicht bebauten Grundflächen gärtnerisch auszugestalten.;AnordnungGaertnerischeAusgestaltung;content;;N/A;
;;;Plangebiet;condition;;7702;
;;;PlanzeichenBBID;condition;;BB3;
;;;FlaecheBebaut;condition;;f;
;;;obligation;modal;;;
;7702_10_0;Auf der mit BB4 bezeichneten Fläche ist die Errichtung eines Flugdaches mit einer Höhe von maximal 6,5 m gestattet.;GebaeudeBautyp;content;;Flugdach;
;;;GebaeudeHoeheMax;content;;6.5m;
;;;Plangebiet;condition;;7702;
;;;PlanzeichenBBID;condition;;BB4;
;;;permission;modal;;;
;7702_10_1;Der Abteilungsleiter: Dipl.-Ing.;N/A;;;N/A;
;7702_10_2;Herbert Binder Senatsrat;N/A;;;N/A;
;7774_1_0;Der bisher gültige Flächenwidmungsplan und Bebauungsplan verliert, soweit er innerhalb des gegenständlichen Plangebietes liegt, seine weitere Rechtskraft.;N/A;;;N/A;
;7774_3_0;Die roten Planzeichen gelten als neu festgesetzt.;N/A;;;N/A;
;7774_3_1;"Für die rechtliche Bedeutung der roten Planzeichen ist die beiliegende ""Zeichenerklärung für den Flächenwidmungsplan und den Bebauungsplan"" (§§ 4 und 5 der BO für Wien) vom 1.";N/A;;;N/A;x
;7774_3_2;Oktober 2001 maßgebend, die einen Bestandteil dieses Beschlusses bildet.;N/A;;;N/A;
;7774_4_0;Für die Querschnitte der Verkehrsflächen gemäß § 5 Abs. 2 lit. c der BO für Wien wird bestimmt, dass bei einer Straßenbreite ab 11,0 m entlang der Fluchtlinien Gehsteige mit mindestens 2,0 m Breite herzustellen sind.;GehsteigbreiteMin;content;;2.0m;
;;;Plangebiet;condition;;7774;
;;;StrassenbreiteMin;condition;;11m;
;;;AnFluchtlinie;condition;;t;
;;;obligation;modal;;;
;7774_4_1;Bei einer Straßenbreite bis zu 6,0 m sind Gehsteige niveaugleich mit der Fahrbahn auszuführen.;GehsteigNiveaugleichMitFahrbahn;content;;t;
;;;Plangebiet;condition;;7774;
;;;StrassenbreiteMax;condition;;6.0m;
;;;obligation;modal;;;
;7774_5_0;In der Prater Hauptallee zwischen Ostbahn und Lusthaus ist Vorsorge zur Pflanzung bzw. Erhaltung von fünf Baumreihen, in der Rennbahnstraße ist Vorsorge zur Pflanzung bzw. Erhaltung von zwei Baumreihen zu treffen.;VorkehrungBepflanzungOeffentlicheVerkehrsflaeche;content;;fünf Baumreihen;
;;;Plangebiet;condition;;7774;
;;;VerkehrsflaecheID;condition;;Prater Hauptallee zwischen Ostbahn und Lusthaus;
;;;obligation;modal;;;
;7774_5_0;In der Prater Hauptallee zwischen Ostbahn und Lusthaus ist Vorsorge zur Pflanzung bzw. Erhaltung von fünf Baumreihen, in der Rennbahnstraße ist Vorsorge zur Pflanzung bzw. Erhaltung von zwei Baumreihen zu treffen.;VorkehrungBepflanzungOeffentlicheVerkehrsflaeche;content;;zwei Baumreihen;
;;;Plangebiet;condition;;7774;
;;;VerkehrsflaecheID;condition;;Rennbahnstraße;
;;;obligation;modal;;;
;7774_6_0;Gemäß § 5 Abs. 4 der BO für Wien wird für das gesamte Plangebiet ohne eigene Kennzeichnung im Plan bestimmt:;N/A;;;N/A;
;7774_7_0;Der höchste Punkt der Dächer der zur Errichtung gelangenden Gebäude darf, soweit nichts anderes bestimmt ist, nicht höher als 4,5 m über der tatsächlich errichteten Gebäudehöhe liegen.;AbschlussDachMax;content;;4,5m;
;;;GebaeudeHoeheArt;condition;;tatsächlich errichtet;
;;;Plangebiet;condition;;7774;
;;;prohibition;modal;;;
;7774_8_0;Gemäß § 5 Abs. 4 der BO für Wien wird für Teile des Plangebietes mit eigener Kennzeichnung im Plan bestimmt:;N/A;;;N/A;
;7774_9_0;Auf der mit Spk/BB1 bezeichneten Fläche sind Gebäude nur im Zusammenhang mit gastronomischer Nutzung oder für sonstige Erholungseinrichtungen und mit einer maximalen Gebäudehöhe von 4,5 m zulässig.;ZweckbestimmungWidmungskategorie1;content;;gastronomische Zwecke;
;;;Plangebiet;condition;;7774;
;;;PlanzeichenBBID;condition;;BB1;
;;;WidmungID;condition;;Spk;
;;;GebaeudeHoeheMax;content;;4,5m;
;;;ZweckbestimmungWidmungskategorie2;content;;sonstige Erholungseinrichtungen;
;;;obligation;modal;;;
;7774_10_0;Auf der mit Spk/BB2 bezeichneten Fläche sind nur Gebäude im Zusammenhang mit gastronomischer Nutzung oder für sonstige Erholungseinrichtungen und mit einer maximalen Gebäudehöhe von 17,5 m zulässig.;ZweckbestimmungWidmungskategorie1;condition;;N/A;
;;;GebaeudeHoeheMax;content;;17,5m;
;;;Plangebiet;condition;;7774;
;;;WidmungID;condition;;Spk;
;;;PlanzeichenBBID;condition;;BB2;
;;;obligation;modal;;;
;7774_10_1;Der höchste Punkt der Dächer der zur Errichtung gelangenden Gebäude darf nicht höher als 3,5 m über der tatsächlich errichteten Gebäudehöhe liegen.;AbschlussDachMax;content;;3,5m;
;;;GebaeudeHoeheArt;condition;;tatsächlich errichtet;
;;;Plangebiet;condition;;7774;
;;;PlanzeichenBBID;condition;;BB2;
;;;WidmungID;condition;;Spk;
;;;prohibition;modal;;;
;7774_11_0;Auf der mit Spk/BB3 bezeichneten Fläche sind nur Gebäude im Zusammenhang mit sozialen Zwecken und mit einer maximalen Gebäudehöhe von 8,0 m zulässig.;ZweckbestimmungWidmungskategorie1;condition;;soziale Zwecke;
;;;GebaeudeHoeheMax;content;;8,0m;
;;;Plangebiet;condition;;7774;
;;;PlanzeichenBBID;condition;;BB3;
;;;WidmungID;condition;;Spk;
;;;obligation;modal;;;
;7774_11_1;Die mit Spk/BB3 bezeichnete Fläche darf im Ausmaß von höchstens 40 % bebaut werden.;BBBebaubareFlaecheAbgegrenzt;content;;40 %;
;;;Plangebiet;condition;;7774;
;;;PlanzeichenBBID;condition;;BB3;
;;;WidmungID;condition;;Spk;
;;;obligation;modal;;;
;7774_12_0;Auf der mit Spk/BB4 bezeichneten Fläche sind nur Gebäude im Zusammenhang mit religiösen Zwecken und mit einer maximalen Gebäudehöhe von 5,0 m zulässig.;ZweckbestimmungWidmungskategorie1;content;;religiöse Zwecke;
;;;GebaeudeHoeheMax;content;;5,0m;
;;;Plangebiet;condition;;7774;
;;;PlanzeichenBBID;condition;;BB4;
;;;WidmungID;condition;;Spk;
;;;obligation;modal;;;
;7774_13_0;Auf der mit Spk/BB5 bezeichneten Fläche sind nur Gebäude in Zusammenhang mit berufsgärtnerischer Nutzung und mit einer maximalen Gebäudehöhe von 4,5 m zulässig.;ZweckbestimmungWidmungskategorie1;content;;berufsgärtnerische Nutzung;
;;;GebaeudeHoeheMax;content;;4,5m;
;;;Plangebiet;condition;;7774;
;;;PlanzeichenBBID;condition;;BB5;
;;;WidmungID;condition;;Spk;
;;;obligation;modal;;;
;7774_13_1;Der höchste Punkt der Dächer der zur Errichtung gelangenden Gebäude darf nicht höher als 3,5 m über der tatsächlich errichteten Gebäudehöhe liegen.;AbschlussDachMax;content;;3,5m;
;;;GebaeudeHoeheArt;condition;;tatsächlich errichtet;
;;;Plangebiet;condition;;7774;
;;;PlanzeichenBBID;condition;;BB5;
;;;WidmungID;condition;;Spk;
;;;prohibition;modal;;;
;7774_14_0;Auf der mit Spk/BB6 bezeichneten Fläche sind nur Gebäude in Zusammenhang mit berufsgärtnerischer Nutzung und mit einer maximalen Gebäudehöhe von 6,5 m zulässig.;ZweckbestimmungWidmungskategorie1;content;;berufsgärtnerische Nutzung;
;;;GebaeudeHoeheMax;content;;6,5m;
;;;Plangebiet;condition;;7774;
;;;PlanzeichenBBID;condition;;BB6;
;;;WidmungID;condition;;Spk;
;;;obligation;modal;;;
;7774_15_0;Auf der mit Spk/BB7 bezeichnete Fläche sind Gebäude mit Nutzung gemäß § 6 Abs. 6 der BO für Wien mit einer maximalen Gebäudehöhe von 4,5 m zulässig.;ZweckbestimmungWidmungskategorie1;content;;Nutzung gemäß § 6 Abs. 6 der BO für Wien;
;;;GebaeudeHoeheMax;content;;4,5m;
;;;Plangebiet;condition;;7774;
;;;PlanzeichenBBID;condition;;BB7;
;;;WidmungID;condition;;Spk;
;;;obligation;modal;;;
;7774_15_1;Der höchste Punkt der Dächer der zur Errichtung gelangenden Gebäude darf nicht höher als 3,5 m über der tatsächlich errichteten Gebäudehöhe liegen.;AbschlussDachMax;content;;3,5m;
;;;GebaeudeHoeheArt;condition;;tatsächlich errichtet;
;;;Plangebiet;condition;;7774;
;;;PlanzeichenBBID;condition;NOTE: inherited from the previous sentence;BB7;
;;;WidmungID;condition;NOTE: inherited from the previous sentence;Spk;
;;;prohibition;modal;;;
;7774_16_0;Auf der mit Spk/BB8 bezeichneten Fläche sind Anlagen zum Abstellen von Kraftfahrzeugen im Niveau zulässig.;StellplatzImNiveauZulaessig;content;;t;
;;;Plangebiet;condition;;7774;
;;;PlanzeichenBBID;condition;;BB8;
;;;WidmungID;condition;;Spk;
;;;permission;modal;;;
;7774_16_1;Diese Grundfläche muss zur Gänze unversiegelt bleiben und ist mit Ausnahme der Rangierflächen gärtnerisch auszugestalten.;OberflaecheBestimmungP ;content;;muss zur Gänze unversiegelt bleiben;
;;;Plangebiet;condition;;7774;
;;;PlanzeichenBBID;condition;;BB8;
;;;WidmungID;condition;;Spk;
;;;AnordnungGaertnerischeAusgestaltung;content;;t;
;;;AusnahmeGaertnerischAuszugestaltende;conditionException;;Rangierflaechen;
;;;obligation;modal;;;
;7774_17_0;Auf der mit Esp/BB9 bezeichneten Fläche ist die Errichtung von Gebäuden untersagt.;ErrichtungGebaeude;content;;f;
;;;Plangebiet;condition;;7774;
;;;PlanzeichenBBID;condition;;BB9;
;;;WidmungID;condition;;Esp;
;;;prohibition;modal;;;
;7774_18_0;Auf der mit Esp/BB10 bezeichneten Fläche ist die Errichtung von Gebäuden mit einer maximalen Gebäudehöhe von 11,0 m zulässig.;GebaeudeHoeheMax;content;;11,0m;
;;;Plangebiet;condition;;7774;
;;;PlanzeichenBBID;condition;;BB10;
;;;WidmungID;condition;;Esp;
;;;obligation;modal;;;
;7774_18_1;Der höchste Punkt der Dächer darf nicht höher als 3,0 m über der tatsächlich errichteten Gebäudehöhe liegen.;AbschlussDachMax;content;;3.0m;
;;;GebaeudeHoeheArt;condition;;tatsächlich errichtet;
;;;Plangebiet;condition;;7774;
;;;PlanzeichenBBID;condition;NOTE: inherited from the previous sentence;BB10;
;;;WidmungID;condition;NOTE: inherited from the previous sentence;Esp;
;;;prohibition;modal;;;
;7774_19_0;Auf der mit Esp/BB11 bezeichneten Fläche ist die Errichtung von Gebäuden mit einer maximalen Gebäudehöhe von 17,0 m zulässig.;GebaeudeHoeheMax;content;;17,0m;
;;;Plangebiet;condition;;7774;
;;;PlanzeichenBBID;condition;;BB11;
;;;WidmungID;condition;;Esp;
;;;obligation;modal;;;
;7774_20_0;Die Gesamtheit aller mit Esp/BB12 bezeichneten Flächen dürfen im Ausmaß von insgesamt höchstens 70 % bebaut werden.;Weitere_Bestimmung_Prüfung_erforderlich;content;;;
;;;Plangebiet;condition;;7774;
;;;PlanzeichenBBID;condition;;BB12;
;;;WidmungID;condition;;Esp;
;;;obligation;modal;;;
;7774_21_0;Die mit Esp/BB13 bezeichnete Fläche darf im Ausmaß von höchstens 20 % bebaut werden.;BBBebaubareFlaecheAbgegrenzt;content;;20 %;
;;;Plangebiet;condition;;7774;
;;;PlanzeichenBBID;condition;;BB13;
;;;WidmungID;condition;;Esp;
;;;obligation;modal;;;
;7774_21_1;Die Gebäudehöhe darf 8,0m nicht überschreiten.;GebaeudeHoeheMax;content;;8,0m;
;;;Plangebiet;condition;;7774;
;;;PlanzeichenBBID;condition;;BB13;
;;;WidmungID;condition;;Esp;
;;;obligation;modal;;;
;7774_22_0;Die mit Esp/BB14 bezeichnete Fläche darf im Ausmaß von höchstens 40 % bebaut werden.;BBBebaubareFlaecheAbgegrenzt;content;;40 %;
;;;Plangebiet;condition;;7774;
;;;PlanzeichenBBID;condition;;BB14;
;;;WidmungID;condition;;Esp;
;;;obligation;modal;;;
;7774_22_1;Die Gebäudehöhe darf 4,5m nicht überschreiten.;GebaeudeHoeheMax;content;;4,5m;
;;;Plangebiet;condition;;7774;
;;;PlanzeichenBBID;condition;;BB14;
;;;WidmungID;condition;;Esp;
;;;obligation;modal;;;
;7774_23_0;Auf der mit Esp/BB15 bezeichneten Fläche sind Gebäude in Zusammenhang mit Reitsportnutzung oder für sonstige Erholungseinrichtungen mit einer maximalen Gebäudehöhe von 4,5 m zulässig.;ZweckbestimmungWidmungskategorie1;content;;Reitsportnutzung;
;;;ZweckbestimmungWidmungskategorie2;content;;sonstige Erholungseinrichtungen;
;;;GebaeudeHoeheMax;content;;4,5m;
;;;Plangebiet;condition;;7774;
;;;PlanzeichenBBID;condition;;BB15;
;;;WidmungID;condition;;Esp;
;;;permission;modal;;;
;7774_23_1;Der höchste Punkt der Dächer darf hierbei nicht höher als 3,5 m über der tatsächlich ausgeführten Gebäudehöhe liegen.;AbschlussDachMax;content;;3,5m;
;;;GebaeudeHoeheArt;condition;;tatsächlich ausgeführt;
;;;Plangebiet;condition;;7774;
;;;PlanzeichenBBID;condition;;BB15;
;;;WidmungID;condition;;Esp;
;;;prohibition;modal;;;
;7774_24_0;Auf der mit Esp/BB16 bezeichneten Fläche sind Gebäude in Zusammenhang mit Reitsportnutzung oder für sonstige Erholungseinrichtungen mit einer maximalen Gebäudehöhe von 8,5 m zulässig.;ZweckbestimmungWidmungskategorie1;content;;Reitsportnutzung;
;;;ZweckbestimmungWidmungskategorie2;content;;sonstige Erholungseinrichtungen;
;;;GebaeudeHoeheMax;content;;8,5m;
;;;Plangebiet;condition;;7774;
;;;PlanzeichenBBID;condition;;BB16;
;;;WidmungID;condition;;Esp;
;;;permission;modal;;;
;7774_24_1;Der höchste Punkt der Dächer darf hierbei nicht höher als 3,5 m über der tatsächlich ausgefühten Gebäudehöhe liegen.;AbschlussDachMax;content;;3,5m;
;;;GebaeudeHoeheArt;condition;;tatsächlich ausgeführt;
;;;Plangebiet;condition;;7774;
;;;PlanzeichenBBID;condition;;BB16;
;;;WidmungID;condition;;Esp;
;;;prohibition;modal;;;
;7774_25_0;Auf der mit Esp/BB17 bezeichneten Fläche sind Gebäude in Zusammenhang mit Reitsportnutzung oder für sonstige Erholungseinrichtungen mit einer maximalen Gebäudehöhe von 6,5 m zulässig.;ZweckbestimmungWidmungskategorie1;content;;Reitsportnutzung;
;;;ZweckbestimmungWidmungskategorie2;content;;sonstige Erholungseinrichtungen;
;;;GebaeudeHoeheMax;content;;6,5m;
;;;Plangebiet;condition;;7774;
;;;PlanzeichenBBID;condition;;BB17;
;;;WidmungID;condition;;Esp;
;;;permission;modal;;;
;7774_26_0;Auf der mit Esp/BB18 bezeichneten Fläche ist die Errichtung von Gebäuden mit einer maximalen Gebäudehöhe von 4,5 m zulässig.;GebaeudeHoeheMax;content;;4,5m;
;;;Plangebiet;condition;;7774;
;;;PlanzeichenBBID;condition;;BB18;
;;;WidmungID;condition;;Esp;
;;;obligation;modal;;;
;7774_27_0;Gemäß § 5 Abs. 7 und § 4 Abs. 3 der BO für Wien wird mit eigener Kennzeichnung im Plan bestimmt:;N/A;;;N/A;
;7774_28_0;Für die mit BB 19 bezeichneten Flächen wird festgesetzt, dass der Raum bis zur Brückenkonstruktionsunterkante der öffentlichen Verkehrsfläche und der Raum darüber dem Verkehrsband zugeordnet wird.;WidmungErsteEbene;content;;oeffentliche_Verkehrsflaeche;
;;;WidmungZweiteEbene;content;;Verkehrsband;
;;;WidmungZweiteEbeneBezugObjekt;content;;Brückenkonstruktionsunterkante;
;;;Plangebiet;condition;;7774;
;;;PlanzeichenBBID;condition;;BB19;
;;;constitutiveNorm;modal;;;
;7774_29_0;Für die mit BB 20 bezeichneten Flächen wird festgesetzt, dass der Raum bis zur Brückenkonstruktionsunterkante dem Verkehrsband Donaukanal und der Raum darüber dem Verkehrsband zugeordnet wird.;WidmungErsteEbene;content;;Verkehrsband Donaukanal;
;;;WidmungZweiteEbene;content;;Verkehrsband;
;;;WidmungZweiteEbeneBezugObjekt;content;;Brückenkonstruktionsunterkante;
;;;Plangebiet;condition;;7774;
;;;PlanzeichenBBID;condition;;BB20;
;;;constitutiveNorm;modal;;;
;7774_30_0;Für die mit BB 21 bezeichneten Flächen wird festgesetzt, dass der Raum bis zur Brückenkonstruktionsunterkante dem Grünland / Parkschutzgebiet und der Raum darüber dem Verkehrsband zugeordnet wird.;WidmungErsteEbene;content;;Gruenland/Parkschutzgebiet;
;;;WidmungZweiteEbene;content;;Verkehrsband;
;;;WidmungZweiteEbeneBezugObjekt;content;;Brückenkonstruktionsunterkante;
;;;Plangebiet;condition;;7774;
;;;PlanzeichenBBID;condition;;BB21;
;;;constitutiveNorm;modal;;;
;7774_31_0;Für die mit BB 22 bezeichneten Flächen wird festgesetzt, dass der Raum unterhalb der Brückenkonstruktionsunterkante dem Grünland / Schutzgebiet Wald- und Wiesengürtel und der Raum darüber dem Verkehrsband zugeordnet wird.;WidmungErsteEbene;content;;Gruenland/Schutzgebiet Wald-und Wiesengürtel;
;;;WidmungZweiteEbene;content;;Verkehrsband;
;;;WidmungZweiteEbeneBezugObjekt;content;;Brückenkonstruktionsunterkante;
;;;Plangebiet;condition;;7774;
;;;PlanzeichenBBID;condition;;BB22;
;;;constitutiveNorm;modal;;;
;7774_32_0;Gemäß § 3 des Wiener Kleingartengesetzes wird bestimmt:;N/A;;;N/A;
;7774_33_0;Auf der mit Ekl/BB 23 bezeichneten Flächen dürfen nur 15 v.H. der Fläche des jeweiligen Kleingartens verbaut werden.;BBBebaubareFlaecheAbgegrenzt;content;;15 %;
;;;Plangebiet;condition;;7774;
;;;PlanzeichenBBID;condition;;BB23;
;;;WidmungID;condition;;Ekl;
;;;obligation;modal;;;
;7774_33_1;Die durch Gemeinschaftsanlagen bebaute Grundfläche darf 50m² nicht überschreiten.;Weitere_Bestimmung_Prüfung_erforderlich;content;;;
;;;Plangebiet;condition;;7774;
;;;PlanzeichenBBID;condition;;BB23;
;;;WidmungID;condition;;Ekl;
;;;obligation;modal;;;
;7774_34_0;Auf der mit Eklw/BB 24 bezeichneten Fläche darf die bebaute Fläche 20 v.H. der Fläche des Kleingartens nicht überschreiten.;BBBebaubareFlaecheAbgegrenzt;content;;20 %;
;;;Plangebiet;condition;;7774;
;;;PlanzeichenBBID;condition;;BB24;
;;;WidmungID;condition;;Ekl;
;;;obligation;modal;;;
;7774_34_1;Der Abteilungsleiter: Dipl.-Ing. Klaus Vatter Obersenatsrat;N/A;;;N/A;
;7799_1_0;Die bisher gültigen Flächenwidmungspläne und Bebauungspläne verlieren, soweit sie innerhalb des gegenständlichen Plangebietes liegen, ihre weitere Rechtskraft.;N/A;;;N/A;
;7799_3_0;Die roten Planzeichen gelten als neu festgesetzt.;N/A;;;N/A;
;7799_3_1;"Für die rechtliche Bedeutung der Planzeichen ist die beiliegende ""Zeichenerklärung für den Flächenwidmungsplan und den Bebauungsplan"" (§§ 4 und 5 BO für Wien) vom 1.";N/A;;;N/A;x
;7799_3_2;September 2007 maßgebend, die einen Bestandteil dieses Beschlusses bildet.;N/A;;;N/A;
;7799_4_0;Für die Querschnitte der Verkehrsflächen gemäß § 5 (2) lit. c der Bauordnung für Wien wird bestimmt, dass bei einer Straßenbreite ab 11,0 m Gehsteige mit jeweils mindestens 2,0 m Breite, herzustellen sind.;GehsteigbreiteMin;content;;2.0m;
;;;Plangebiet;condition;;7799;
;;;StrassenbreiteMin;condition;;11m;
;;;obligation;modal;;;
;7799_4_1;Für die innerhalb des Plangebietes liegenden Querschnitte der Aspernstraße, der Hausfeldstraße, der Straße Code 9842 sowie der Löschniggasse zwischen Robertsonweg und Hausfeldstraße wird bestimmt, dass jeweils Vorsorge für die Pflanzung einer Baumreihe zu treffen ist.;VorkehrungBepflanzungOeffentlicheVerkehrsflaeche;content;;Baumreihe;
;;;Plangebiet;condition;;7799;
;;;VerkehrsflaecheID;condition;;Aspernstraße, der Hausfeldstraße, der Straße Code 9842 sowie der Löschniggasse zwischen Robertsonweg und Hausfeldstraße;
;;;obligation;modal;;;
;7799_4_2;Für den Querschnitt der Löschniggasse zwischen Aspernstraße und Robertsonweg wird bestimmt, dass Vorsorge für die Pflanzung zweier Baumreihen zu treffen ist.;VorkehrungBepflanzungOeffentlicheVerkehrsflaeche;content;;zwei Baumreihen;
;;;Plangebiet;condition;;7799;
;;;VerkehrsflaecheID;condition;;Löschniggasse zwischen Aspernstraße und Robertsonweg;
;;;obligation;modal;;;
;7799_4_3;Für den mit BB2 bezeichneten Abschnitt der Löschniggasse wird bestimmt, dass Vorsorge für die Errichtung einer Bus- und Radverkehrsanlage mit einer Breite von insgesamt mindestens 7 m zu treffen ist.;Vorsorge_Errichtung_Bus_Radverkehrsanlage_min_Breite;content;;7m;
;;;Plangebiet;condition;;7799;
;;;VerkehrsflaecheID;condition;;Löschniggasse;
;;;PlanzeichenBBID;condition;;BB2;
;;;obligation;modal;;;
;7799_4_4;Der verbleibende Querschnitt ist mit Grünelementen auszugestalten.;Weitere_Bestimmung_Prüfung_erforderlich;content;;N/A;
;;;Plangebiet;condition;;7799;
;;;VerkehrsflaecheID;condition;;Löschniggasse;
;;;obligation;modal;;;
;7799_5_0;Gemäß § 5 (4) der Bauordnung für Wien wird für das gesamte Plangebiet ohne eigene Kennzeichnung im Plan bestimmt:;N/A;;;N/A;
;7799_6_0;Die in Prozentsätzen im Plan angegebenen Beschränkungen der baulichen Ausnützbarkeit beziehen sich jeweils auf die mit diesen Prozentsätzen bezeichneten und durch Fluchtlinien umgrenzten Flächen.;N/A;;;N/A;
;7799_6_1;Bei Teilung dieser Flächen auf verschiedene Bauplätze beziehen sich die angegebenen Prozentsätze auf die jeweils in diese Bauplätze entfallenden Teile der bezeichneten Flächen.;N/A;;;N/A;
;7799_7_0;Der höchste Punkt der zur Errichtung gelangenden Dächer darf die tatsächlich ausgeführte Gebäudehöhe um höchstens 4,5 m überragen.;AbschlussDachMax;content;;4,5m;
;;;GebaeudeHoeheArt;condition;;tatsächlich ausgeführt;
;;;Plangebiet;condition;;7799;
;;;obligation;modal;;;
;7799_8_0;Gemäß § 5 (4) der Bauordnung für Wien wird für Teile des Plangebietes mit eigener Kennzeichnung im Plan (BB) bestimmt:;N/A;;;N/A;
;7799_8_1;Auf den mit BB1 bezeichneten Grundflächen ist die Unterbrechung der geschlossenen Bauweise zulässig.;UnterbrechungGeschlosseneBauweise;content;;N/A;
;;;Plangebiet;condition;;7799;
;;;PlanzeichenBBID;condition;;BB1;
;;;permission;modal;;;
;7799_8_2;Der Abteilungsleiter: Dipl.-Ing. Walter Krauss Oberstadtbaurat;N/A;;;N/A;
;8159_1_0;Bezirk, Kat. G. Landstraße und im;N/A;;;N/A;
;8159_2_0;Bezirk, Kat. G. Simmering sowie in Festsetzung einer Schutzzone gemäß § 7 (1) der BO für Wien und einer Wohnzone gemäß § 7a (1) der BO für Wien für Teile des Plangebietes werden unter Anwendung des § 1 der Bauordnung (BO) für Wien die in den Absätzen I und II angeführten Bestimmungen getroffen:;N/A;;;N/A;x
;8159_3_0;Die bisherigen Flächenwidmungspläne und Bebauungspläne verlieren, soweit sie innerhalb des gegenständlichen Plangebiets liegen, ihre weitere Rechtskraft.;N/A;;;N/A;
;8159_4_0;Gemäß §§ 4 und 5 der BO für Wien werden folgende Bestimmungen getroffen:;N/A;;;N/A;
;8159_5_0;Bestimmungen des Plans: Die roten Planzeichen gelten als neu festgesetzt.;N/A;;;N/A;
;8159_5_1;"Für die rechtliche Bedeutung der Planzeichen ist die beiliegende ""Zeichenerklärung für den Flächenwidmungsplan und den Bebauungsplan"" (§§ 4 und 5 der BO für Wien) vom";N/A;;;N/A;x
;8159_6_0;Juli 2014 maßgebend, die einen Bestandteil dieses Beschlusses bildet.;N/A;;;N/A;
;8159_7_0;Bestimmungen für die Ausgestaltung der Querschnitte von Verkehrsflächen:;N/A;;;N/A;x
;8159_8_0;1;N/A;;;N/A;x
;8159_8_1;Für die Ausgestaltung von Verkehrsflächen mit einer Gesamtbreite von 11,0 m und mehr, soweit sie innerhalb des Plangebiets liegen, wird bestimmt: Entlang der Fluchtlinien sind Gehsteige mit jeweils mindestens 2 m Breite herzustellen.;GehsteigbreiteMin;content;;2.0m;
;;;AnFluchtlinie;condition;;;
;;;StrassenbreiteMin;condition;;11m;
;;;Plangebiet;condition;;8159;
;;;obligation;modal;;;
;8159_9_0;Bestimmungen ohne Bezeichnung des Geltungsbereichs mit dem Planzeichen BB:;N/A;;;N/A;
;8159_10_0;Der höchste Punkt der zur Errichtung gelangenden Dächer darf die festgesetzte Gebäudehöhe um höchstens 4,5 m überragen.;AbschlussDachMax;content;;4,5m;
;;;GebaeudeHoeheArt;condition;;festgesetzt;
;;;Plangebiet;condition;;8159;
;;;obligation;modal;;;
;8159_11_0;Die zur Errichtung gelangenden Dächer von Gebäuden mit einer bebauten Fläche von mehr als 12 m² sind bis zu einer Dachneigung von 15 Grad entsprechend dem Stand der Technik zu begrünen.;BegruenungDach;content;;N/A;
;;;Plangebiet;condition;;8159;
;;;min_measure(Gebaeude,bebauteFlaeche);condition;;12m2;
;;;DachneigungMax;condition;;15;
;;;obligation;modal;;;
;8159_12_0;Oberirdisch bebaubare aber unbebaut bleibende Flächen sind gärtnerisch auszugestalten.;AnordnungGaertnerischeAusgestaltung;content;;N/A;
;;;Plangebiet;condition;;8159;
;;;FlaecheBebaubar;condition;;t;
;;;FlaecheBebaut;condition;;f;
;;;obligation;modal;;;
;8159_13_0;Die Einleitungsmenge von Niederschlagswässern in den Kanal darf im Neubaufall 0,012 l/s pro m² der Fläche des jeweiligen Bauplatzes, Bauloses bzw. Trennstückes nicht überschreiten.;Weitere_Bestimmung_Prüfung_erforderlich;content;;N/A;
;;;Plangebiet;condition;;8159;
;;;prohibition;modal;;;
;8159_14_0;In Verbindung der durch die Buchstabenpaare a-b und c-d gekennzeichneten Fluchtlinien wird ein Durchgang mit einer Mindestbreite von 3,0 m angeordnet.;DurchgangBreite;content;;3,0m;
;;;Plangebiet;condition;;8159;
;;;in_Verbindung_Fluchtlinien;condition;;a-b, c-d;
;;;obligation;modal;;;
;8159_14_1;Die Überbauung des Durchganges ab einer Höhe von 3,0 m ist im Rahmen der im Plan für die bezeichneten Flächen angegebenen Bestimmungen zulässig.;DurchgangHoehe;condition;;3,0m;
;;;Plangebiet;condition;;8159;
;;;in_Verbindung_Fluchtlinien;condition;NOTE: inherited from the previous sentence;a-b, c-d;
;;;obligation;modal;;;
;8159_15_0;In Verbindung der durch die Buchstabenpaare e-f und h-i gekennzeichneten Fluchtlinien wird ab einer Höhe von 7 m über Niveau der angrenzenden Verkehrsfläche ein Durchgang mit einer Mindestbreite von 5 m angeordnet.;DurchgangBreite;content;;5,0m;
;;;Plangebiet;condition;;8159;
;;;in_Verbindung_Fluchtlinien;condition;;e-f, h-i;
;;;Hoehe_ueber_niveau_Verkehrsflaeche_min;condition;;7m;
;;;Weitere_Bestimmung_Prüfung_erforderlich;content;;;
;;;obligation;modal;;;
;8159_15_1;Die Fläche unter dem Durchgang ist dem Verkehrsband zugeordnet.;WidmungErsteEbene;content;;Verkehrsband;
;;;Plangebiet;condition;;8159;
;;;in_Verbindung_Fluchtlinien;condition;NOTE: inherited from the previous sentence;e-f, h-i;
;;;constitutiveNorm;modal;;;
;8159_16_0;Für alle Flächen, für die die gärtnerische Ausgestaltung (G) vorgeschrieben ist, sind bei unterirdischen Bauten Vorkehrungen zu treffen um das Pflanzen von Bäumen zu sichern.;VorkehrungBepflanzung;content;;Baum;
;;;Plangebiet;condition;;8159;
;;;AnordnungGaertnerischeAusgestaltung;condition;NOTE: could replace this with “Planzeichen(G)”;t;
;;;UnterirdischeBaulichkeiten;condition;;t;
;;;obligation;modal;;;
;8159_17_0;Bestimmungen mit Bezeichnung des Geltungsbereichs mit dem Planzeichen BB:;N/A;;;N/A;
;8159_18_0;Für die mit BB1 bezeichneten Grundflächen wird bestimmt:;N/A;;;N/A;
;8159_18_1;Die Unterbrechung der geschlossenen Bauweise ist zulässig.;UnterbrechungGeschlosseneBauweise;content;;N/A;x
;;;Plangebiet;condition;;8159;
;;;PlanzeichenBBID;condition;;BB1;
;;;permission;modal;;;
;8159_19_0;Für die mit BB2 bezeichneten Grundflächen wird bestimmt: Die Errichtung von oberirdischen und unterirdischen Baulichkeiten ist untersagt.;ErrichtungGebaeude;content;;f;
;;;UnterirdischeBauwerkeUnzulaessig;content;;t;
;;;Plangebiet;condition;;8159;
;;;PlanzeichenBBID;condition;;BB2;
;;;prohibition;modal;;;
;8159_20_0;Für die mit BB3 bezeichneten Grundflächen wird bestimmt:;N/A;;;N/A;
;8159_20_1;Die zur Errichtung gelangenden Dächer von Gebäuden sind als Flachdächer auszuführen.;Dachart;content;;Flachdach;x
;;;Plangebiet;condition;;8159;
;;;PlanzeichenBBID;condition;;BB3;
;;;obligation;modal;;;
;8159_21_0;Für die mit BB4 bezeichneten Grundflächen wird bestimmt: Die Errichtung von Gebäuden mit einer maximalen Gebäudehöhe von 8 m ist zulässig.;GebaeudeHoeheMax;content;;8m;
;;;Plangebiet;condition;;8159;
;;;PlanzeichenBBID;condition;;BB4;
;;;obligation;modal;;;
;8159_22_0;Für die mit BB5 bezeichneten Grundflächen wird bestimmt: Die Errichtung von Gebäuden mit einer maximalen Gebäudehöhe von 4,5 m ist zulässig.;GebaeudeHoeheMax;content;;4,5m;
;;;Plangebiet;condition;;8159;
;;;PlanzeichenBBID;condition;;BB5;
;;;obligation;modal;;;
;8159_22_1;Die bebaute Fläche darf in Summe 300 m2 nicht überschreiten.;BBBebaubareFlaecheJeBauplatz;content;;300 m2;
;;;Plangebiet;condition;;8159;
;;;PlanzeichenBBID;condition;NOTE: inherited from the previous sentence;BB5;
;;;prohibition;modal;;;
;8159_23_0;Für die mit BB6 bezeichneten Grundflächen wird bestimmt:;N/A;;;N/A;
;8159_23_1;Die Errichtung von Gebäuden ist untersagt.;ErrichtungGebaeude;content;;f;x
;;;Plangebiet;condition;;8159;
;;;PlanzeichenBBID;condition;;BB6;
;;;prohibition;modal;;;
;8159_24_0;Für die mit BB7 bezeichneten Grundflächen wird bestimmt:;N/A;;;N/A;
;8159_24_1;Der Raum bis zur Brückenkonstruktionsunterkante wird dem ErholungsgebietParkanlagen zugeordnet, der Raum darüber dem Verkehrsband.;WidmungErsteEbene;content;;Erholungsgebiet/Parkanlagen;
;;;Plangebiet;condition;;8159;
;;;PlanzeichenBBID;condition;;BB7;
;;;WidmungZweiteEbene;content;;Verkehrsband;
;;;WidmungZweiteEbeneBezugObjekt;content;;Brückenkonstruktionsunterkante;
;;;constitutiveNorm;modal;;;
;8159_25_0;Für die mit BB8 bezeichneten Grundflächen wird bestimmt:;N/A;;;N/A;
;8159_25_1;Der Raum bis zur Brückenkonstruktionsunterkante wird der öffentlichen Verkehrsfläche zugeordnet, der Raum darüber dem Verkehrsband.;WidmungErsteEbene;content;;oeffentliche_Verkehrsflaeche;x
;;;WidmungZweiteEbene;content;;Verkehrsband;
;;;WidmungZweiteEbeneBezugObjekt;;;Brückenkonstruktionsunterkante;
;;;Plangebiet;condition;;8159;
;;;PlanzeichenBBID;condition;;BB8;
;;;constitutiveNorm;modal;;;
;8159_26_0;Für die mit BB9 bezeichneten Grundflächen wird bestimmt:;N/A;;;N/A;
;8159_26_1;Die zur Errichtung gelangenden Gebäude sind Bildungs- und Kinderbetreuungszwecken vorbehalten.;ZweckbestimmungWidmungskategorie1;content;;Nildungs- und Kinderbetreuungszwecke;x
;;;Plangebiet;condition;;8159;
;;;PlanzeichenBBID;condition;;BB9;
;;;obligation;modal;;;
;8159_27_0;Für die mit BB10 bezeichnete Fluchtlinie wird bestimmt:;N/A;;;N/A;
;8159_27_1;"Die Errichtung einer Lärmschutzeinrichtung mit einer Höhe von bis zu 16 m gemessen vom Niveau der angrenzenden Grundfläche ist zulässig;";EinfriedungHoeheGesamt;content;;16m;x
;;;EinfriedungAusgestaltung;content;;;
;;;Plangebiet;condition;;8159;
;;;PlanzeichenBBID;condition;;BB10;
;;;AnFluchtlinie;condition;;;
;;;obligation;modal;;;
;8159_27_2;diese Lärmschutzeinrichtung ist fassadenmäßig zu gestalten.;N/A;;;N/A;x
;8159_27_3;Der Abteilungsleiter: Dipl.-Ing. Walter Krauss Senatsrat;N/A;;;N/A;